pricing_id,supplier_id,category_l1,category_l2,region,currency,pricing_model,min_quantity,max_quantity,unit_price,moq,standard_lead_time_days,expedited_lead_time_days,expedited_unit_price,valid_from,valid_to,notes
PR-00001,SUP-0001,IT,Laptops,EU,EUR,tiered,1,99,980.0,1,27,22,1058.4,2026-01-01,2026-12-31,
PR-00002,SUP-0001,IT,Laptops,EU,EUR,tiered,100,499,930.0,100,25,17,1004.4,2026-01-01,2026-12-31,
PR-00003,SUP-0001,IT,Laptops,EU,EUR,tiered,500,1999,890.0,500,19,13,961.2,2026-01-01,2026-12-31,
PR-00004,SUP-0001,IT,Laptops,EU,EUR,tiered,2000,99999,860.0,2000,15,10,928.8,2026-01-01,2026-12-31,
PR-00005,SUP-0001,IT,Mobile Workstations,EU,EUR,tiered,1,99,2300.0,1,28,22,2484.0,2026-01-01,2026-12-31,
PR-00006,SUP-0001,IT,Mobile Workstations,EU,EUR,tiered,100,499,2200.0,100,22,13,2376.0,2026-01-01,2026-12-31,
PR-00007,SUP-0001,IT,Mobile Workstations,EU,EUR,tiered,500,1999,2080.0,500,18,14,2246.4,2026-01-01,2026-12-31,
PR-00008,SUP-0001,IT,Mobile Workstations,EU,EUR,tiered,2000,99999,1980.0,2000,14,6,2138.4,2026-01-01,2026-12-31,
PR-00009,SUP-0001,IT,Monitors,EU,EUR,tiered,1,99,240.0,1,29,22,259.2,2026-01-01,2026-12-31,
PR-00010,SUP-0001,IT,Monitors,EU,EUR,tiered,100,499,225.0,100,22,15,243.0,2026-01-01,2026-12-31,
PR-00011,SUP-0001,IT,Monitors,EU,EUR,tiered,500,1999,210.0,500,18,10,226.8,2026-01-01,2026-12-31,
PR-00012,SUP-0001,IT,Monitors,EU,EUR,tiered,2000,99999,198.0,2000,16,10,213.84,2026-01-01,2026-12-31,
PR-00013,SUP-0001,IT,Docking Stations,EU,EUR,tiered,1,99,165.0,1,30,26,178.2,2026-01-01,2026-12-31,
PR-00014,SUP-0001,IT,Docking Stations,EU,EUR,tiered,100,499,155.0,100,22,17,167.4,2026-01-01,2026-12-31,
PR-00015,SUP-0001,IT,Docking Stations,EU,EUR,tiered,500,1999,145.0,500,16,12,156.6,2026-01-01,2026-12-31,
PR-00016,SUP-0001,IT,Docking Stations,EU,EUR,tiered,2000,99999,138.0,2000,14,8,149.04,2026-01-01,2026-12-31,
PR-00017,SUP-0001,IT,Replacement / Break-Fix Pool Devices,EU,EUR,tiered,1,99,1020.0,1,26,21,1101.6,2026-01-01,2026-12-31,
PR-00018,SUP-0001,IT,Replacement / Break-Fix Pool Devices,EU,EUR,tiered,100,499,980.0,100,24,19,1058.4,2026-01-01,2026-12-31,
PR-00019,SUP-0001,IT,Replacement / Break-Fix Pool Devices,EU,EUR,tiered,500,1999,940.0,500,19,10,1015.2,2026-01-01,2026-12-31,
PR-00020,SUP-0001,IT,Replacement / Break-Fix Pool Devices,EU,EUR,tiered,2000,99999,910.0,2000,14,7,982.8,2026-01-01,2026-12-31,
PR-00021,SUP-0002,IT,Laptops,EU,EUR,tiered,1,99,970.2,1,27,19,1047.82,2026-01-01,2026-12-31,
PR-00022,SUP-0002,IT,Laptops,EU,EUR,tiered,100,499,920.7,100,26,18,994.36,2026-01-01,2026-12-31,
PR-00023,SUP-0002,IT,Laptops,EU,EUR,tiered,500,1999,881.1,500,19,10,951.59,2026-01-01,2026-12-31,
PR-00024,SUP-0002,IT,Laptops,EU,EUR,tiered,2000,99999,851.4,2000,14,10,919.51,2026-01-01,2026-12-31,
PR-00025,SUP-0002,IT,Mobile Workstations,EU,EUR,tiered,1,99,2277.0,1,28,24,2459.16,2026-01-01,2026-12-31,
PR-00026,SUP-0002,IT,Mobile Workstations,EU,EUR,tiered,100,499,2178.0,100,23,16,2352.24,2026-01-01,2026-12-31,
PR-00027,SUP-0002,IT,Mobile Workstations,EU,EUR,tiered,500,1999,2059.2,500,16,10,2223.94,2026-01-01,2026-12-31,
PR-00028,SUP-0002,IT,Mobile Workstations,EU,EUR,tiered,2000,99999,1960.2,2000,12,3,2117.02,2026-01-01,2026-12-31,
PR-00029,SUP-0002,IT,Desktop Workstations,EU,EUR,tiered,1,99,2673.0,1,26,20,2886.84,2026-01-01,2026-12-31,
PR-00030,SUP-0002,IT,Desktop Workstations,EU,EUR,tiered,100,499,2554.2,100,22,14,2758.54,2026-01-01,2026-12-31,
PR-00031,SUP-0002,IT,Desktop Workstations,EU,EUR,tiered,500,1999,2425.5,500,17,13,2619.54,2026-01-01,2026-12-31,
PR-00032,SUP-0002,IT,Desktop Workstations,EU,EUR,tiered,2000,99999,2326.5,2000,14,10,2512.62,2026-01-01,2026-12-31,
PR-00033,SUP-0002,IT,Monitors,EU,EUR,tiered,1,99,237.6,1,29,25,256.61,2026-01-01,2026-12-31,
PR-00034,SUP-0002,IT,Monitors,EU,EUR,tiered,100,499,222.75,100,24,16,240.57,2026-01-01,2026-12-31,
PR-00035,SUP-0002,IT,Monitors,EU,EUR,tiered,500,1999,207.9,500,19,13,224.53,2026-01-01,2026-12-31,
PR-00036,SUP-0002,IT,Monitors,EU,EUR,tiered,2000,99999,196.02,2000,16,11,211.7,2026-01-01,2026-12-31,
PR-00037,SUP-0002,IT,Docking Stations,EU,EUR,tiered,1,99,163.35,1,26,18,176.42,2026-01-01,2026-12-31,
PR-00038,SUP-0002,IT,Docking Stations,EU,EUR,tiered,100,499,153.45,100,23,19,165.73,2026-01-01,2026-12-31,
PR-00039,SUP-0002,IT,Docking Stations,EU,EUR,tiered,500,1999,143.55,500,17,11,155.03,2026-01-01,2026-12-31,
PR-00040,SUP-0002,IT,Docking Stations,EU,EUR,tiered,2000,99999,136.62,2000,12,7,147.55,2026-01-01,2026-12-31,
PR-00041,SUP-0003,IT,Laptops,EU,EUR,tiered,1,99,960.4,1,27,21,1037.23,2026-01-01,2026-12-31,
PR-00042,SUP-0003,IT,Laptops,EU,EUR,tiered,100,499,911.4,100,24,16,984.31,2026-01-01,2026-12-31,
PR-00043,SUP-0003,IT,Laptops,EU,EUR,tiered,500,1999,872.2,500,17,11,941.98,2026-01-01,2026-12-31,
PR-00044,SUP-0003,IT,Laptops,EU,EUR,tiered,2000,99999,842.8,2000,15,7,910.22,2026-01-01,2026-12-31,
PR-00045,SUP-0003,IT,Desktop Workstations,EU,EUR,tiered,1,99,2646.0,1,27,21,2857.68,2026-01-01,2026-12-31,
PR-00046,SUP-0003,IT,Desktop Workstations,EU,EUR,tiered,100,499,2528.4,100,24,20,2730.67,2026-01-01,2026-12-31,
PR-00047,SUP-0003,IT,Desktop Workstations,EU,EUR,tiered,500,1999,2401.0,500,18,14,2593.08,2026-01-01,2026-12-31,
PR-00048,SUP-0003,IT,Desktop Workstations,EU,EUR,tiered,2000,99999,2303.0,2000,12,8,2487.24,2026-01-01,2026-12-31,
PR-00049,SUP-0003,IT,Tablets,EU,EUR,tiered,1,99,705.6,1,30,22,762.05,2026-01-01,2026-12-31,
PR-00050,SUP-0003,IT,Tablets,EU,EUR,tiered,100,499,676.2,100,23,15,730.3,2026-01-01,2026-12-31,
PR-00051,SUP-0003,IT,Tablets,EU,EUR,tiered,500,1999,637.0,500,19,14,687.96,2026-01-01,2026-12-31,
PR-00052,SUP-0003,IT,Tablets,EU,EUR,tiered,2000,99999,607.6,2000,15,11,656.21,2026-01-01,2026-12-31,
PR-00053,SUP-0003,IT,Accessories Bundles,EU,EUR,tiered,1,99,127.4,1,29,20,137.59,2026-01-01,2026-12-31,
PR-00054,SUP-0003,IT,Accessories Bundles,EU,EUR,tiered,100,499,119.56,100,25,17,129.12,2026-01-01,2026-12-31,
PR-00055,SUP-0003,IT,Accessories Bundles,EU,EUR,tiered,500,1999,113.68,500,19,11,122.77,2026-01-01,2026-12-31,
PR-00056,SUP-0003,IT,Accessories Bundles,EU,EUR,tiered,2000,99999,107.8,2000,14,5,116.42,2026-01-01,2026-12-31,
PR-00057,SUP-0004,IT,Laptops,EU,EUR,tiered,1,99,1078.0,1,27,22,1164.24,2026-01-01,2026-12-31,
PR-00058,SUP-0004,IT,Laptops,EU,EUR,tiered,100,499,1023.0,100,24,19,1104.84,2026-01-01,2026-12-31,
PR-00059,SUP-0004,IT,Laptops,EU,EUR,tiered,500,1999,979.0,500,17,10,1057.32,2026-01-01,2026-12-31,
PR-00060,SUP-0004,IT,Laptops,EU,EUR,tiered,2000,99999,946.0,2000,14,10,1021.68,2026-01-01,2026-12-31,
PR-00061,SUP-0004,IT,Smartphones,EU,EUR,tiered,1,99,1001.0,1,27,23,1081.08,2026-01-01,2026-12-31,
PR-00062,SUP-0004,IT,Smartphones,EU,EUR,tiered,100,499,957.0,100,22,13,1033.56,2026-01-01,2026-12-31,
PR-00063,SUP-0004,IT,Smartphones,EU,EUR,tiered,500,1999,913.0,500,18,11,986.04,2026-01-01,2026-12-31,
PR-00064,SUP-0004,IT,Smartphones,EU,EUR,tiered,2000,99999,869.0,2000,13,9,938.52,2026-01-01,2026-12-31,
PR-00065,SUP-0004,IT,Tablets,EU,EUR,tiered,1,99,792.0,1,26,17,855.36,2026-01-01,2026-12-31,
PR-00066,SUP-0004,IT,Tablets,EU,EUR,tiered,100,499,759.0,100,25,17,819.72,2026-01-01,2026-12-31,
PR-00067,SUP-0004,IT,Tablets,EU,EUR,tiered,500,1999,715.0,500,18,10,772.2,2026-01-01,2026-12-31,
PR-00068,SUP-0004,IT,Tablets,EU,EUR,tiered,2000,99999,682.0,2000,13,4,736.56,2026-01-01,2026-12-31,
PR-00069,SUP-0004,IT,Accessories Bundles,EU,EUR,tiered,1,99,143.0,1,28,24,154.44,2026-01-01,2026-12-31,
PR-00070,SUP-0004,IT,Accessories Bundles,EU,EUR,tiered,100,499,134.2,100,25,20,144.94,2026-01-01,2026-12-31,
PR-00071,SUP-0004,IT,Accessories Bundles,EU,EUR,tiered,500,1999,127.6,500,17,11,137.81,2026-01-01,2026-12-31,
PR-00072,SUP-0004,IT,Accessories Bundles,EU,EUR,tiered,2000,99999,121.0,2000,15,11,130.68,2026-01-01,2026-12-31,
PR-00073,SUP-0005,IT,Smartphones,EU,EUR,tiered,1,99,882.7,1,28,22,953.32,2026-01-01,2026-12-31,
PR-00074,SUP-0005,IT,Smartphones,EU,EUR,tiered,100,499,843.9,100,24,16,911.41,2026-01-01,2026-12-31,
PR-00075,SUP-0005,IT,Smartphones,EU,EUR,tiered,500,1999,805.1,500,18,13,869.51,2026-01-01,2026-12-31,
PR-00076,SUP-0005,IT,Smartphones,EU,EUR,tiered,2000,99999,766.3,2000,12,6,827.6,2026-01-01,2026-12-31,
PR-00077,SUP-0005,IT,Tablets,EU,EUR,tiered,1,99,698.4,1,27,21,754.27,2026-01-01,2026-12-31,
PR-00078,SUP-0005,IT,Tablets,EU,EUR,tiered,100,499,669.3,100,23,19,722.84,2026-01-01,2026-12-31,
PR-00079,SUP-0005,IT,Tablets,EU,EUR,tiered,500,1999,630.5,500,18,11,680.94,2026-01-01,2026-12-31,
PR-00080,SUP-0005,IT,Tablets,EU,EUR,tiered,2000,99999,601.4,2000,12,5,649.51,2026-01-01,2026-12-31,
PR-00081,SUP-0005,IT,Rugged Devices,EU,EUR,tiered,1,99,1794.5,1,28,20,1938.06,2026-01-01,2026-12-31,
PR-00082,SUP-0005,IT,Rugged Devices,EU,EUR,tiered,100,499,1707.2,100,23,18,1843.78,2026-01-01,2026-12-31,
PR-00083,SUP-0005,IT,Rugged Devices,EU,EUR,tiered,500,1999,1629.6,500,20,16,1759.97,2026-01-01,2026-12-31,
PR-00084,SUP-0005,IT,Rugged Devices,EU,EUR,tiered,2000,99999,1552.0,2000,12,6,1676.16,2026-01-01,2026-12-31,
PR-00085,SUP-0006,IT,Rugged Devices,EU,EUR,tiered,1,99,1998.0,1,26,21,2157.84,2026-01-01,2026-12-31,
PR-00086,SUP-0006,IT,Rugged Devices,EU,EUR,tiered,100,499,1900.8,100,25,17,2052.86,2026-01-01,2026-12-31,
PR-00087,SUP-0006,IT,Rugged Devices,EU,EUR,tiered,500,1999,1814.4,500,16,9,1959.55,2026-01-01,2026-12-31,
PR-00088,SUP-0006,IT,Rugged Devices,EU,EUR,tiered,2000,99999,1728.0,2000,12,6,1866.24,2026-01-01,2026-12-31,
PR-00089,SUP-0006,IT,Replacement / Break-Fix Pool Devices,EU,EUR,tiered,1,99,1101.6,1,28,19,1189.73,2026-01-01,2026-12-31,
PR-00090,SUP-0006,IT,Replacement / Break-Fix Pool Devices,EU,EUR,tiered,100,499,1058.4,100,23,19,1143.07,2026-01-01,2026-12-31,
PR-00091,SUP-0006,IT,Replacement / Break-Fix Pool Devices,EU,EUR,tiered,500,1999,1015.2,500,20,12,1096.42,2026-01-01,2026-12-31,
PR-00092,SUP-0006,IT,Replacement / Break-Fix Pool Devices,EU,EUR,tiered,2000,99999,982.8,2000,13,4,1061.42,2026-01-01,2026-12-31,
PR-00093,SUP-0007,IT,Laptops,EU,EUR,tiered,1,99,940.8,1,30,23,1016.06,2026-01-01,2026-12-31,
PR-00094,SUP-0007,IT,Laptops,EU,EUR,tiered,100,499,892.8,100,24,15,964.22,2026-01-01,2026-12-31,
PR-00095,SUP-0007,IT,Laptops,EU,EUR,tiered,500,1999,854.4,500,19,14,922.75,2026-01-01,2026-12-31,
PR-00096,SUP-0007,IT,Laptops,EU,EUR,tiered,2000,99999,825.6,2000,14,5,891.65,2026-01-01,2026-12-31,
PR-00097,SUP-0007,IT,Monitors,EU,EUR,tiered,1,99,230.4,1,30,21,248.83,2026-01-01,2026-12-31,
PR-00098,SUP-0007,IT,Monitors,EU,EUR,tiered,100,499,216.0,100,23,19,233.28,2026-01-01,2026-12-31,
PR-00099,SUP-0007,IT,Monitors,EU,EUR,tiered,500,1999,201.6,500,20,11,217.73,2026-01-01,2026-12-31,
PR-00100,SUP-0007,IT,Monitors,EU,EUR,tiered,2000,99999,190.08,2000,15,6,205.29,2026-01-01,2026-12-31,
PR-00101,SUP-0007,IT,Docking Stations,EU,EUR,tiered,1,99,158.4,1,30,25,171.07,2026-01-01,2026-12-31,
PR-00102,SUP-0007,IT,Docking Stations,EU,EUR,tiered,100,499,148.8,100,26,18,160.7,2026-01-01,2026-12-31,
PR-00103,SUP-0007,IT,Docking Stations,EU,EUR,tiered,500,1999,139.2,500,20,16,150.34,2026-01-01,2026-12-31,
PR-00104,SUP-0007,IT,Docking Stations,EU,EUR,tiered,2000,99999,132.48,2000,16,7,143.08,2026-01-01,2026-12-31,
PR-00105,SUP-0007,IT,Accessories Bundles,EU,EUR,tiered,1,99,124.8,1,27,23,134.78,2026-01-01,2026-12-31,
PR-00106,SUP-0007,IT,Accessories Bundles,EU,EUR,tiered,100,499,117.12,100,22,18,126.49,2026-01-01,2026-12-31,
PR-00107,SUP-0007,IT,Accessories Bundles,EU,EUR,tiered,500,1999,111.36,500,17,8,120.27,2026-01-01,2026-12-31,
PR-00108,SUP-0007,IT,Accessories Bundles,EU,EUR,tiered,2000,99999,105.6,2000,14,10,114.05,2026-01-01,2026-12-31,
PR-00109,SUP-0007,IT,Replacement / Break-Fix Pool Devices,EU,EUR,tiered,1,99,979.2,1,29,22,1057.54,2026-01-01,2026-12-31,
PR-00110,SUP-0007,IT,Replacement / Break-Fix Pool Devices,EU,EUR,tiered,100,499,940.8,100,26,22,1016.06,2026-01-01,2026-12-31,
PR-00111,SUP-0007,IT,Replacement / Break-Fix Pool Devices,EU,EUR,tiered,500,1999,902.4,500,16,7,974.59,2026-01-01,2026-12-31,
PR-00112,SUP-0007,IT,Replacement / Break-Fix Pool Devices,EU,EUR,tiered,2000,99999,873.6,2000,16,7,943.49,2026-01-01,2026-12-31,
PR-00113,SUP-0008,IT,Laptops,EU,EUR,tiered,1,99,931.0,1,27,20,1005.48,2026-01-01,2026-12-31,
PR-00114,SUP-0008,IT,Laptops,EU,EUR,tiered,100,499,883.5,100,24,20,954.18,2026-01-01,2026-12-31,
PR-00115,SUP-0008,IT,Laptops,EU,EUR,tiered,500,1999,845.5,500,19,15,913.14,2026-01-01,2026-12-31,
PR-00116,SUP-0008,IT,Laptops,EU,EUR,tiered,2000,99999,817.0,2000,16,8,882.36,2026-01-01,2026-12-31,
PR-00117,SUP-0008,IT,Mobile Workstations,EU,EUR,tiered,1,99,2185.0,1,26,17,2359.8,2026-01-01,2026-12-31,
PR-00118,SUP-0008,IT,Mobile Workstations,EU,EUR,tiered,100,499,2090.0,100,26,22,2257.2,2026-01-01,2026-12-31,
PR-00119,SUP-0008,IT,Mobile Workstations,EU,EUR,tiered,500,1999,1976.0,500,19,13,2134.08,2026-01-01,2026-12-31,
PR-00120,SUP-0008,IT,Mobile Workstations,EU,EUR,tiered,2000,99999,1881.0,2000,12,6,2031.48,2026-01-01,2026-12-31,
PR-00121,SUP-0008,IT,Desktop Workstations,EU,EUR,tiered,1,99,2565.0,1,27,18,2770.2,2026-01-01,2026-12-31,
PR-00122,SUP-0008,IT,Desktop Workstations,EU,EUR,tiered,100,499,2451.0,100,23,18,2647.08,2026-01-01,2026-12-31,
PR-00123,SUP-0008,IT,Desktop Workstations,EU,EUR,tiered,500,1999,2327.5,500,19,12,2513.7,2026-01-01,2026-12-31,
PR-00124,SUP-0008,IT,Desktop Workstations,EU,EUR,tiered,2000,99999,2232.5,2000,15,11,2411.1,2026-01-01,2026-12-31,
PR-00125,SUP-0008,IT,Monitors,EU,EUR,tiered,1,99,228.0,1,29,20,246.24,2026-01-01,2026-12-31,
PR-00126,SUP-0008,IT,Monitors,EU,EUR,tiered,100,499,213.75,100,24,20,230.85,2026-01-01,2026-12-31,
PR-00127,SUP-0008,IT,Monitors,EU,EUR,tiered,500,1999,199.5,500,20,11,215.46,2026-01-01,2026-12-31,
PR-00128,SUP-0008,IT,Monitors,EU,EUR,tiered,2000,99999,188.1,2000,13,9,203.15,2026-01-01,2026-12-31,
PR-00129,SUP-0008,IT,Docking Stations,EU,EUR,tiered,1,99,156.75,1,30,25,169.29,2026-01-01,2026-12-31,
PR-00130,SUP-0008,IT,Docking Stations,EU,EUR,tiered,100,499,147.25,100,24,18,159.03,2026-01-01,2026-12-31,
PR-00131,SUP-0008,IT,Docking Stations,EU,EUR,tiered,500,1999,137.75,500,18,10,148.77,2026-01-01,2026-12-31,
PR-00132,SUP-0008,IT,Docking Stations,EU,EUR,tiered,2000,99999,131.1,2000,16,11,141.59,2026-01-01,2026-12-31,
PR-00133,SUP-0008,IT,Accessories Bundles,EU,EUR,tiered,1,99,123.5,1,26,19,133.38,2026-01-01,2026-12-31,
PR-00134,SUP-0008,IT,Accessories Bundles,EU,EUR,tiered,100,499,115.9,100,22,15,125.17,2026-01-01,2026-12-31,
PR-00135,SUP-0008,IT,Accessories Bundles,EU,EUR,tiered,500,1999,110.2,500,18,9,119.02,2026-01-01,2026-12-31,
PR-00136,SUP-0008,IT,Accessories Bundles,EU,EUR,tiered,2000,99999,104.5,2000,12,3,112.86,2026-01-01,2026-12-31,
PR-00137,SUP-0010,IT,Cloud Compute,EU,EUR,usage,0,9999,0.14,0,27,27,0.14,2026-01-01,2026-12-31,
PR-00138,SUP-0010,IT,Cloud Compute,EU,EUR,usage,10000,49999,0.12,10000,25,25,0.12,2026-01-01,2026-12-31,
PR-00139,SUP-0010,IT,Cloud Compute,EU,EUR,usage,50000,199999,0.105,50000,20,20,0.105,2026-01-01,2026-12-31,
PR-00140,SUP-0010,IT,Cloud Compute,EU,EUR,usage,200000,999999999,0.095,200000,15,15,0.095,2026-01-01,2026-12-31,
PR-00141,SUP-0010,IT,Cloud Storage,EU,EUR,usage,0,9999,24.0,0,29,29,24.0,2026-01-01,2026-12-31,
PR-00142,SUP-0010,IT,Cloud Storage,EU,EUR,usage,10000,49999,20.0,10000,26,26,20.0,2026-01-01,2026-12-31,
PR-00143,SUP-0010,IT,Cloud Storage,EU,EUR,usage,50000,199999,17.0,50000,18,18,17.0,2026-01-01,2026-12-31,
PR-00144,SUP-0010,IT,Cloud Storage,EU,EUR,usage,200000,999999999,15.0,200000,15,15,15.0,2026-01-01,2026-12-31,
PR-00145,SUP-0010,IT,Cloud Networking,EU,EUR,usage,0,9999,0.045,0,28,28,0.045,2026-01-01,2026-12-31,
PR-00146,SUP-0010,IT,Cloud Networking,EU,EUR,usage,10000,49999,0.038,10000,22,22,0.038,2026-01-01,2026-12-31,
PR-00147,SUP-0010,IT,Cloud Networking,EU,EUR,usage,50000,199999,0.032,50000,19,19,0.032,2026-01-01,2026-12-31,
PR-00148,SUP-0010,IT,Cloud Networking,EU,EUR,usage,200000,999999999,0.028,200000,15,15,0.028,2026-01-01,2026-12-31,
PR-00149,SUP-0010,IT,Managed Cloud Platform Services,EU,EUR,subscription,1,499,22000.0,1,27,27,22000.0,2026-01-01,2026-12-31,
PR-00150,SUP-0010,IT,Managed Cloud Platform Services,EU,EUR,subscription,500,1999,20000.0,500,26,26,20000.0,2026-01-01,2026-12-31,
PR-00151,SUP-0010,IT,Managed Cloud Platform Services,EU,EUR,subscription,2000,9999,18500.0,2000,17,17,18500.0,2026-01-01,2026-12-31,
PR-00152,SUP-0010,IT,Managed Cloud Platform Services,EU,EUR,subscription,10000,999999,17000.0,10000,16,16,17000.0,2026-01-01,2026-12-31,
PR-00153,SUP-0010,IT,Cloud Security Services,EU,EUR,subscription,1,499,15.0,1,28,28,15.0,2026-01-01,2026-12-31,
PR-00154,SUP-0010,IT,Cloud Security Services,EU,EUR,subscription,500,1999,13.5,500,26,26,13.5,2026-01-01,2026-12-31,
PR-00155,SUP-0010,IT,Cloud Security Services,EU,EUR,subscription,2000,9999,12.2,2000,20,20,12.2,2026-01-01,2026-12-31,
PR-00156,SUP-0010,IT,Cloud Security Services,EU,EUR,subscription,10000,999999,11.6,10000,12,12,11.6,2026-01-01,2026-12-31,
PR-00157,SUP-0011,IT,Cloud Compute,EU,EUR,usage,0,9999,0.1358,0,28,28,0.1358,2026-01-01,2026-12-31,
PR-00158,SUP-0011,IT,Cloud Compute,EU,EUR,usage,10000,49999,0.1164,10000,25,25,0.1164,2026-01-01,2026-12-31,
PR-00159,SUP-0011,IT,Cloud Compute,EU,EUR,usage,50000,199999,0.1018,50000,19,19,0.1018,2026-01-01,2026-12-31,
PR-00160,SUP-0011,IT,Cloud Compute,EU,EUR,usage,200000,999999999,0.0921,200000,13,13,0.0921,2026-01-01,2026-12-31,
PR-00161,SUP-0011,IT,Cloud Storage,EU,EUR,usage,0,9999,23.28,0,29,29,23.28,2026-01-01,2026-12-31,
PR-00162,SUP-0011,IT,Cloud Storage,EU,EUR,usage,10000,49999,19.4,10000,25,25,19.4,2026-01-01,2026-12-31,
PR-00163,SUP-0011,IT,Cloud Storage,EU,EUR,usage,50000,199999,16.49,50000,18,18,16.49,2026-01-01,2026-12-31,
PR-00164,SUP-0011,IT,Cloud Storage,EU,EUR,usage,200000,999999999,14.55,200000,13,13,14.55,2026-01-01,2026-12-31,
PR-00165,SUP-0011,IT,Cloud Networking,EU,EUR,usage,0,9999,0.0436,0,28,28,0.0436,2026-01-01,2026-12-31,
PR-00166,SUP-0011,IT,Cloud Networking,EU,EUR,usage,10000,49999,0.0369,10000,24,24,0.0369,2026-01-01,2026-12-31,
PR-00167,SUP-0011,IT,Cloud Networking,EU,EUR,usage,50000,199999,0.031,50000,18,18,0.031,2026-01-01,2026-12-31,
PR-00168,SUP-0011,IT,Cloud Networking,EU,EUR,usage,200000,999999999,0.0272,200000,14,14,0.0272,2026-01-01,2026-12-31,
PR-00169,SUP-0011,IT,Managed Cloud Platform Services,EU,EUR,subscription,1,499,21340.0,1,29,29,21340.0,2026-01-01,2026-12-31,
PR-00170,SUP-0011,IT,Managed Cloud Platform Services,EU,EUR,subscription,500,1999,19400.0,500,23,23,19400.0,2026-01-01,2026-12-31,
PR-00171,SUP-0011,IT,Managed Cloud Platform Services,EU,EUR,subscription,2000,9999,17945.0,2000,16,16,17945.0,2026-01-01,2026-12-31,
PR-00172,SUP-0011,IT,Managed Cloud Platform Services,EU,EUR,subscription,10000,999999,16490.0,10000,14,14,16490.0,2026-01-01,2026-12-31,
PR-00173,SUP-0011,IT,Cloud Security Services,EU,EUR,subscription,1,499,14.55,1,28,28,14.55,2026-01-01,2026-12-31,
PR-00174,SUP-0011,IT,Cloud Security Services,EU,EUR,subscription,500,1999,13.09,500,25,25,13.09,2026-01-01,2026-12-31,
PR-00175,SUP-0011,IT,Cloud Security Services,EU,EUR,subscription,2000,9999,11.83,2000,20,20,11.83,2026-01-01,2026-12-31,
PR-00176,SUP-0011,IT,Cloud Security Services,EU,EUR,subscription,10000,999999,11.25,10000,14,14,11.25,2026-01-01,2026-12-31,
PR-00177,SUP-0012,IT,Cloud Compute,EU,EUR,usage,0,9999,0.1344,0,28,28,0.1344,2026-01-01,2026-12-31,
PR-00178,SUP-0012,IT,Cloud Compute,EU,EUR,usage,10000,49999,0.1152,10000,24,24,0.1152,2026-01-01,2026-12-31,
PR-00179,SUP-0012,IT,Cloud Compute,EU,EUR,usage,50000,199999,0.1008,50000,16,16,0.1008,2026-01-01,2026-12-31,
PR-00180,SUP-0012,IT,Cloud Compute,EU,EUR,usage,200000,999999999,0.0912,200000,14,14,0.0912,2026-01-01,2026-12-31,
PR-00181,SUP-0012,IT,Cloud Storage,EU,EUR,usage,0,9999,23.04,0,27,27,23.04,2026-01-01,2026-12-31,
PR-00182,SUP-0012,IT,Cloud Storage,EU,EUR,usage,10000,49999,19.2,10000,24,24,19.2,2026-01-01,2026-12-31,
PR-00183,SUP-0012,IT,Cloud Storage,EU,EUR,usage,50000,199999,16.32,50000,20,20,16.32,2026-01-01,2026-12-31,
PR-00184,SUP-0012,IT,Cloud Storage,EU,EUR,usage,200000,999999999,14.4,200000,13,13,14.4,2026-01-01,2026-12-31,
PR-00185,SUP-0012,IT,Cloud Networking,EU,EUR,usage,0,9999,0.0432,0,29,29,0.0432,2026-01-01,2026-12-31,
PR-00186,SUP-0012,IT,Cloud Networking,EU,EUR,usage,10000,49999,0.0365,10000,25,25,0.0365,2026-01-01,2026-12-31,
PR-00187,SUP-0012,IT,Cloud Networking,EU,EUR,usage,50000,199999,0.0307,50000,20,20,0.0307,2026-01-01,2026-12-31,
PR-00188,SUP-0012,IT,Cloud Networking,EU,EUR,usage,200000,999999999,0.0269,200000,12,12,0.0269,2026-01-01,2026-12-31,
PR-00189,SUP-0012,IT,Managed Cloud Platform Services,EU,EUR,subscription,1,499,21120.0,1,29,29,21120.0,2026-01-01,2026-12-31,
PR-00190,SUP-0012,IT,Managed Cloud Platform Services,EU,EUR,subscription,500,1999,19200.0,500,26,26,19200.0,2026-01-01,2026-12-31,
PR-00191,SUP-0012,IT,Managed Cloud Platform Services,EU,EUR,subscription,2000,9999,17760.0,2000,18,18,17760.0,2026-01-01,2026-12-31,
PR-00192,SUP-0012,IT,Managed Cloud Platform Services,EU,EUR,subscription,10000,999999,16320.0,10000,12,12,16320.0,2026-01-01,2026-12-31,
PR-00193,SUP-0012,IT,Cloud Security Services,EU,EUR,subscription,1,499,14.4,1,27,27,14.4,2026-01-01,2026-12-31,
PR-00194,SUP-0012,IT,Cloud Security Services,EU,EUR,subscription,500,1999,12.96,500,25,25,12.96,2026-01-01,2026-12-31,
PR-00195,SUP-0012,IT,Cloud Security Services,EU,EUR,subscription,2000,9999,11.71,2000,18,18,11.71,2026-01-01,2026-12-31,
PR-00196,SUP-0012,IT,Cloud Security Services,EU,EUR,subscription,10000,999999,11.14,10000,14,14,11.14,2026-01-01,2026-12-31,
PR-00197,SUP-0013,IT,Cloud Compute,EU,EUR,usage,0,9999,0.126,0,28,28,0.126,2026-01-01,2026-12-31,
PR-00198,SUP-0013,IT,Cloud Compute,EU,EUR,usage,10000,49999,0.108,10000,23,23,0.108,2026-01-01,2026-12-31,
PR-00199,SUP-0013,IT,Cloud Compute,EU,EUR,usage,50000,199999,0.0945,50000,19,19,0.0945,2026-01-01,2026-12-31,
PR-00200,SUP-0013,IT,Cloud Compute,EU,EUR,usage,200000,999999999,0.0855,200000,15,15,0.0855,2026-01-01,2026-12-31,
PR-00201,SUP-0013,IT,Cloud Storage,EU,EUR,usage,0,9999,21.6,0,27,27,21.6,2026-01-01,2026-12-31,
PR-00202,SUP-0013,IT,Cloud Storage,EU,EUR,usage,10000,49999,18.0,10000,23,23,18.0,2026-01-01,2026-12-31,
PR-00203,SUP-0013,IT,Cloud Storage,EU,EUR,usage,50000,199999,15.3,50000,17,17,15.3,2026-01-01,2026-12-31,
PR-00204,SUP-0013,IT,Cloud Storage,EU,EUR,usage,200000,999999999,13.5,200000,15,15,13.5,2026-01-01,2026-12-31,
PR-00205,SUP-0013,IT,Cloud Networking,EU,EUR,usage,0,9999,0.0405,0,27,27,0.0405,2026-01-01,2026-12-31,
PR-00206,SUP-0013,IT,Cloud Networking,EU,EUR,usage,10000,49999,0.0342,10000,24,24,0.0342,2026-01-01,2026-12-31,
PR-00207,SUP-0013,IT,Cloud Networking,EU,EUR,usage,50000,199999,0.0288,50000,19,19,0.0288,2026-01-01,2026-12-31,
PR-00208,SUP-0013,IT,Cloud Networking,EU,EUR,usage,200000,999999999,0.0252,200000,16,16,0.0252,2026-01-01,2026-12-31,
PR-00209,SUP-0013,IT,Managed Cloud Platform Services,EU,EUR,subscription,1,499,19800.0,1,27,27,19800.0,2026-01-01,2026-12-31,
PR-00210,SUP-0013,IT,Managed Cloud Platform Services,EU,EUR,subscription,500,1999,18000.0,500,23,23,18000.0,2026-01-01,2026-12-31,
PR-00211,SUP-0013,IT,Managed Cloud Platform Services,EU,EUR,subscription,2000,9999,16650.0,2000,20,20,16650.0,2026-01-01,2026-12-31,
PR-00212,SUP-0013,IT,Managed Cloud Platform Services,EU,EUR,subscription,10000,999999,15300.0,10000,14,14,15300.0,2026-01-01,2026-12-31,
PR-00213,SUP-0014,IT,Cloud Compute,CH,CHF,usage,0,9999,0.1512,0,28,28,0.1512,2026-01-01,2026-12-31,
PR-00214,SUP-0014,IT,Cloud Compute,CH,CHF,usage,10000,49999,0.1296,10000,26,26,0.1296,2026-01-01,2026-12-31,
PR-00215,SUP-0014,IT,Cloud Compute,CH,CHF,usage,50000,199999,0.1134,50000,16,16,0.1134,2026-01-01,2026-12-31,
PR-00216,SUP-0014,IT,Cloud Compute,CH,CHF,usage,200000,999999999,0.1026,200000,15,15,0.1026,2026-01-01,2026-12-31,
PR-00217,SUP-0014,IT,Cloud Storage,CH,CHF,usage,0,9999,25.92,0,29,29,25.92,2026-01-01,2026-12-31,
PR-00218,SUP-0014,IT,Cloud Storage,CH,CHF,usage,10000,49999,21.6,10000,26,26,21.6,2026-01-01,2026-12-31,
PR-00219,SUP-0014,IT,Cloud Storage,CH,CHF,usage,50000,199999,18.36,50000,19,19,18.36,2026-01-01,2026-12-31,
PR-00220,SUP-0014,IT,Cloud Storage,CH,CHF,usage,200000,999999999,16.2,200000,14,14,16.2,2026-01-01,2026-12-31,
PR-00221,SUP-0014,IT,Cloud Security Services,CH,CHF,subscription,1,499,16.2,1,29,29,16.2,2026-01-01,2026-12-31,
PR-00222,SUP-0014,IT,Cloud Security Services,CH,CHF,subscription,500,1999,14.58,500,26,26,14.58,2026-01-01,2026-12-31,
PR-00223,SUP-0014,IT,Cloud Security Services,CH,CHF,subscription,2000,9999,13.18,2000,17,17,13.18,2026-01-01,2026-12-31,
PR-00224,SUP-0014,IT,Cloud Security Services,CH,CHF,subscription,10000,999999,12.53,10000,16,16,12.53,2026-01-01,2026-12-31,
PR-00225,SUP-0020,Facilities,Workstations and Desks,EU,EUR,tiered,1,99,690.0,1,27,23,745.2,2026-01-01,2026-12-31,
PR-00226,SUP-0020,Facilities,Workstations and Desks,EU,EUR,tiered,100,499,650.0,100,24,19,702.0,2026-01-01,2026-12-31,
PR-00227,SUP-0020,Facilities,Workstations and Desks,EU,EUR,tiered,500,1999,615.0,500,19,12,664.2,2026-01-01,2026-12-31,
PR-00228,SUP-0020,Facilities,Workstations and Desks,EU,EUR,tiered,2000,99999,580.0,2000,15,8,626.4,2026-01-01,2026-12-31,
PR-00229,SUP-0020,Facilities,Office Chairs,EU,EUR,tiered,1,99,520.0,1,28,24,561.6,2026-01-01,2026-12-31,
PR-00230,SUP-0020,Facilities,Office Chairs,EU,EUR,tiered,100,499,490.0,100,23,19,529.2,2026-01-01,2026-12-31,
PR-00231,SUP-0020,Facilities,Office Chairs,EU,EUR,tiered,500,1999,460.0,500,19,10,496.8,2026-01-01,2026-12-31,
PR-00232,SUP-0020,Facilities,Office Chairs,EU,EUR,tiered,2000,99999,435.0,2000,15,7,469.8,2026-01-01,2026-12-31,
PR-00233,SUP-0020,Facilities,Meeting Room Furniture,EU,EUR,fixed,1,1,4200.0,1,19,15,4536.0,2026-01-01,2026-12-31,
PR-00234,SUP-0020,Facilities,Meeting Room Furniture,EU,EUR,fixed,2,4,3950.0,2,19,16,4266.0,2026-01-01,2026-12-31,
PR-00235,SUP-0020,Facilities,Meeting Room Furniture,EU,EUR,fixed,5,10,3700.0,5,13,10,3996.0,2026-01-01,2026-12-31,
PR-00236,SUP-0020,Facilities,Meeting Room Furniture,EU,EUR,fixed,11,999,3500.0,11,8,5,3780.0,2026-01-01,2026-12-31,
PR-00237,SUP-0020,Facilities,Storage Cabinets,EU,EUR,tiered,1,99,310.0,1,29,25,334.8,2026-01-01,2026-12-31,
PR-00238,SUP-0020,Facilities,Storage Cabinets,EU,EUR,tiered,100,499,290.0,100,26,22,313.2,2026-01-01,2026-12-31,
PR-00239,SUP-0020,Facilities,Storage Cabinets,EU,EUR,tiered,500,1999,270.0,500,16,11,291.6,2026-01-01,2026-12-31,
PR-00240,SUP-0020,Facilities,Storage Cabinets,EU,EUR,tiered,2000,99999,255.0,2000,13,5,275.4,2026-01-01,2026-12-31,
PR-00241,SUP-0020,Facilities,Reception and Lounge Furniture,EU,EUR,fixed,1,1,18000.0,1,21,18,19440.0,2026-01-01,2026-12-31,
PR-00242,SUP-0020,Facilities,Reception and Lounge Furniture,EU,EUR,fixed,2,4,17000.0,2,19,14,18360.0,2026-01-01,2026-12-31,
PR-00243,SUP-0020,Facilities,Reception and Lounge Furniture,EU,EUR,fixed,5,10,16000.0,5,12,8,17280.0,2026-01-01,2026-12-31,
PR-00244,SUP-0020,Facilities,Reception and Lounge Furniture,EU,EUR,fixed,11,999,15000.0,11,9,5,16200.0,2026-01-01,2026-12-31,
PR-00245,SUP-0021,Facilities,Workstations and Desks,EU,EUR,tiered,1,99,738.3,1,28,23,797.36,2026-01-01,2026-12-31,
PR-00246,SUP-0021,Facilities,Workstations and Desks,EU,EUR,tiered,100,499,695.5,100,26,22,751.14,2026-01-01,2026-12-31,
PR-00247,SUP-0021,Facilities,Workstations and Desks,EU,EUR,tiered,500,1999,658.05,500,16,8,710.69,2026-01-01,2026-12-31,
PR-00248,SUP-0021,Facilities,Workstations and Desks,EU,EUR,tiered,2000,99999,620.6,2000,14,7,670.25,2026-01-01,2026-12-31,
PR-00249,SUP-0021,Facilities,Office Chairs,EU,EUR,tiered,1,99,556.4,1,28,22,600.91,2026-01-01,2026-12-31,
PR-00250,SUP-0021,Facilities,Office Chairs,EU,EUR,tiered,100,499,524.3,100,23,16,566.24,2026-01-01,2026-12-31,
PR-00251,SUP-0021,Facilities,Office Chairs,EU,EUR,tiered,500,1999,492.2,500,20,15,531.58,2026-01-01,2026-12-31,
PR-00252,SUP-0021,Facilities,Office Chairs,EU,EUR,tiered,2000,99999,465.45,2000,16,11,502.69,2026-01-01,2026-12-31,
PR-00253,SUP-0021,Facilities,Meeting Room Furniture,EU,EUR,fixed,1,1,4494.0,1,21,18,4853.52,2026-01-01,2026-12-31,
PR-00254,SUP-0021,Facilities,Meeting Room Furniture,EU,EUR,fixed,2,4,4226.5,2,19,14,4564.62,2026-01-01,2026-12-31,
PR-00255,SUP-0021,Facilities,Meeting Room Furniture,EU,EUR,fixed,5,10,3959.0,5,14,11,4275.72,2026-01-01,2026-12-31,
PR-00256,SUP-0021,Facilities,Meeting Room Furniture,EU,EUR,fixed,11,999,3745.0,11,9,5,4044.6,2026-01-01,2026-12-31,
PR-00257,SUP-0021,Facilities,Reception and Lounge Furniture,EU,EUR,fixed,1,1,19260.0,1,21,16,20800.8,2026-01-01,2026-12-31,
PR-00258,SUP-0021,Facilities,Reception and Lounge Furniture,EU,EUR,fixed,2,4,18190.0,2,19,16,19645.2,2026-01-01,2026-12-31,
PR-00259,SUP-0021,Facilities,Reception and Lounge Furniture,EU,EUR,fixed,5,10,17120.0,5,16,13,18489.6,2026-01-01,2026-12-31,
PR-00260,SUP-0021,Facilities,Reception and Lounge Furniture,EU,EUR,fixed,11,999,16050.0,11,9,5,17334.0,2026-01-01,2026-12-31,
PR-00261,SUP-0022,Facilities,Office Chairs,EU,EUR,tiered,1,99,592.8,1,27,22,640.22,2026-01-01,2026-12-31,
PR-00262,SUP-0022,Facilities,Office Chairs,EU,EUR,tiered,100,499,558.6,100,25,20,603.29,2026-01-01,2026-12-31,
PR-00263,SUP-0022,Facilities,Office Chairs,EU,EUR,tiered,500,1999,524.4,500,18,12,566.35,2026-01-01,2026-12-31,
PR-00264,SUP-0022,Facilities,Office Chairs,EU,EUR,tiered,2000,99999,495.9,2000,12,4,535.57,2026-01-01,2026-12-31,
PR-00265,SUP-0022,Facilities,Workstations and Desks,EU,EUR,tiered,1,99,786.6,1,29,21,849.53,2026-01-01,2026-12-31,
PR-00266,SUP-0022,Facilities,Workstations and Desks,EU,EUR,tiered,100,499,741.0,100,23,18,800.28,2026-01-01,2026-12-31,
PR-00267,SUP-0022,Facilities,Workstations and Desks,EU,EUR,tiered,500,1999,701.1,500,19,12,757.19,2026-01-01,2026-12-31,
PR-00268,SUP-0022,Facilities,Workstations and Desks,EU,EUR,tiered,2000,99999,661.2,2000,12,4,714.1,2026-01-01,2026-12-31,
PR-00269,SUP-0022,Facilities,Reception and Lounge Furniture,EU,EUR,fixed,1,1,20520.0,1,19,16,22161.6,2026-01-01,2026-12-31,
PR-00270,SUP-0022,Facilities,Reception and Lounge Furniture,EU,EUR,fixed,2,4,19380.0,2,17,13,20930.4,2026-01-01,2026-12-31,
PR-00271,SUP-0022,Facilities,Reception and Lounge Furniture,EU,EUR,fixed,5,10,18240.0,5,12,9,19699.2,2026-01-01,2026-12-31,
PR-00272,SUP-0022,Facilities,Reception and Lounge Furniture,EU,EUR,fixed,11,999,17100.0,11,10,5,18468.0,2026-01-01,2026-12-31,
PR-00273,SUP-0023,Facilities,Workstations and Desks,EU,EUR,tiered,1,99,593.4,1,26,22,640.87,2026-01-01,2026-12-31,
PR-00274,SUP-0023,Facilities,Workstations and Desks,EU,EUR,tiered,100,499,559.0,100,23,17,603.72,2026-01-01,2026-12-31,
PR-00275,SUP-0023,Facilities,Workstations and Desks,EU,EUR,tiered,500,1999,528.9,500,17,12,571.21,2026-01-01,2026-12-31,
PR-00276,SUP-0023,Facilities,Workstations and Desks,EU,EUR,tiered,2000,99999,498.8,2000,16,7,538.7,2026-01-01,2026-12-31,
PR-00277,SUP-0023,Facilities,Office Chairs,EU,EUR,tiered,1,99,447.2,1,29,25,482.98,2026-01-01,2026-12-31,
PR-00278,SUP-0023,Facilities,Office Chairs,EU,EUR,tiered,100,499,421.4,100,24,15,455.11,2026-01-01,2026-12-31,
PR-00279,SUP-0023,Facilities,Office Chairs,EU,EUR,tiered,500,1999,395.6,500,19,13,427.25,2026-01-01,2026-12-31,
PR-00280,SUP-0023,Facilities,Office Chairs,EU,EUR,tiered,2000,99999,374.1,2000,14,7,404.03,2026-01-01,2026-12-31,
PR-00281,SUP-0023,Facilities,Storage Cabinets,EU,EUR,tiered,1,99,266.6,1,27,23,287.93,2026-01-01,2026-12-31,
PR-00282,SUP-0023,Facilities,Storage Cabinets,EU,EUR,tiered,100,499,249.4,100,22,18,269.35,2026-01-01,2026-12-31,
PR-00283,SUP-0023,Facilities,Storage Cabinets,EU,EUR,tiered,500,1999,232.2,500,18,14,250.78,2026-01-01,2026-12-31,
PR-00284,SUP-0023,Facilities,Storage Cabinets,EU,EUR,tiered,2000,99999,219.3,2000,14,7,236.84,2026-01-01,2026-12-31,
PR-00285,SUP-0023,Facilities,Meeting Room Furniture,EU,EUR,fixed,1,1,3612.0,1,20,16,3900.96,2026-01-01,2026-12-31,
PR-00286,SUP-0023,Facilities,Meeting Room Furniture,EU,EUR,fixed,2,4,3397.0,2,19,16,3668.76,2026-01-01,2026-12-31,
PR-00287,SUP-0023,Facilities,Meeting Room Furniture,EU,EUR,fixed,5,10,3182.0,5,15,12,3436.56,2026-01-01,2026-12-31,
PR-00288,SUP-0023,Facilities,Meeting Room Furniture,EU,EUR,fixed,11,999,3010.0,11,11,8,3250.8,2026-01-01,2026-12-31,
PR-00289,SUP-0024,Facilities,Workstations and Desks,EU,EUR,tiered,1,99,655.5,1,28,22,707.94,2026-01-01,2026-12-31,
PR-00290,SUP-0024,Facilities,Workstations and Desks,EU,EUR,tiered,100,499,617.5,100,25,21,666.9,2026-01-01,2026-12-31,
PR-00291,SUP-0024,Facilities,Workstations and Desks,EU,EUR,tiered,500,1999,584.25,500,19,14,630.99,2026-01-01,2026-12-31,
PR-00292,SUP-0024,Facilities,Workstations and Desks,EU,EUR,tiered,2000,99999,551.0,2000,15,11,595.08,2026-01-01,2026-12-31,
PR-00293,SUP-0024,Facilities,Meeting Room Furniture,EU,EUR,fixed,1,1,3990.0,1,22,19,4309.2,2026-01-01,2026-12-31,
PR-00294,SUP-0024,Facilities,Meeting Room Furniture,EU,EUR,fixed,2,4,3752.5,2,17,12,4052.7,2026-01-01,2026-12-31,
PR-00295,SUP-0024,Facilities,Meeting Room Furniture,EU,EUR,fixed,5,10,3515.0,5,14,10,3796.2,2026-01-01,2026-12-31,
PR-00296,SUP-0024,Facilities,Meeting Room Furniture,EU,EUR,fixed,11,999,3325.0,11,12,9,3591.0,2026-01-01,2026-12-31,
PR-00297,SUP-0024,Facilities,Storage Cabinets,EU,EUR,tiered,1,99,294.5,1,28,19,318.06,2026-01-01,2026-12-31,
PR-00298,SUP-0024,Facilities,Storage Cabinets,EU,EUR,tiered,100,499,275.5,100,24,18,297.54,2026-01-01,2026-12-31,
PR-00299,SUP-0024,Facilities,Storage Cabinets,EU,EUR,tiered,500,1999,256.5,500,18,14,277.02,2026-01-01,2026-12-31,
PR-00300,SUP-0024,Facilities,Storage Cabinets,EU,EUR,tiered,2000,99999,242.25,2000,16,7,261.63,2026-01-01,2026-12-31,
PR-00301,SUP-0030,Professional Services,Cloud Architecture Consulting,EU,EUR,day_rate,1,29,1512.0,1,26,22,1632.96,2026-01-01,2026-12-31,
PR-00302,SUP-0030,Professional Services,Cloud Architecture Consulting,EU,EUR,day_rate,30,89,1433.6,30,23,19,1548.29,2026-01-01,2026-12-31,
PR-00303,SUP-0030,Professional Services,Cloud Architecture Consulting,EU,EUR,day_rate,90,179,1355.2,90,19,10,1463.62,2026-01-01,2026-12-31,
PR-00304,SUP-0030,Professional Services,Cloud Architecture Consulting,EU,EUR,day_rate,180,9999,1288.0,180,15,8,1391.04,2026-01-01,2026-12-31,
PR-00305,SUP-0030,Professional Services,Cybersecurity Advisory,EU,EUR,day_rate,1,29,1624.0,1,28,21,1753.92,2026-01-01,2026-12-31,
PR-00306,SUP-0030,Professional Services,Cybersecurity Advisory,EU,EUR,day_rate,30,89,1545.6,30,25,20,1669.25,2026-01-01,2026-12-31,
PR-00307,SUP-0030,Professional Services,Cybersecurity Advisory,EU,EUR,day_rate,90,179,1467.2,90,19,14,1584.58,2026-01-01,2026-12-31,
PR-00308,SUP-0030,Professional Services,Cybersecurity Advisory,EU,EUR,day_rate,180,9999,1388.8,180,12,3,1499.9,2026-01-01,2026-12-31,
PR-00309,SUP-0030,Professional Services,Data Engineering Services,EU,EUR,day_rate,1,29,1433.6,1,28,19,1548.29,2026-01-01,2026-12-31,
PR-00310,SUP-0030,Professional Services,Data Engineering Services,EU,EUR,day_rate,30,89,1355.2,30,23,15,1463.62,2026-01-01,2026-12-31,
PR-00311,SUP-0030,Professional Services,Data Engineering Services,EU,EUR,day_rate,90,179,1276.8,90,17,11,1378.94,2026-01-01,2026-12-31,
PR-00312,SUP-0030,Professional Services,Data Engineering Services,EU,EUR,day_rate,180,9999,1209.6,180,14,7,1306.37,2026-01-01,2026-12-31,
PR-00313,SUP-0030,Professional Services,IT Project Management Services,EU,EUR,day_rate,1,29,1321.6,1,28,20,1427.33,2026-01-01,2026-12-31,
PR-00314,SUP-0030,Professional Services,IT Project Management Services,EU,EUR,day_rate,30,89,1254.4,30,22,14,1354.75,2026-01-01,2026-12-31,
PR-00315,SUP-0030,Professional Services,IT Project Management Services,EU,EUR,day_rate,90,179,1187.2,90,17,10,1282.18,2026-01-01,2026-12-31,
PR-00316,SUP-0030,Professional Services,IT Project Management Services,EU,EUR,day_rate,180,9999,1120.0,180,13,8,1209.6,2026-01-01,2026-12-31,
PR-00317,SUP-0031,Professional Services,Cloud Architecture Consulting,EU,EUR,day_rate,1,29,1390.5,1,29,25,1501.74,2026-01-01,2026-12-31,
PR-00318,SUP-0031,Professional Services,Cloud Architecture Consulting,EU,EUR,day_rate,30,89,1318.4,30,22,15,1423.87,2026-01-01,2026-12-31,
PR-00319,SUP-0031,Professional Services,Cloud Architecture Consulting,EU,EUR,day_rate,90,179,1246.3,90,20,12,1346.0,2026-01-01,2026-12-31,
PR-00320,SUP-0031,Professional Services,Cloud Architecture Consulting,EU,EUR,day_rate,180,9999,1184.5,180,14,9,1279.26,2026-01-01,2026-12-31,
PR-00321,SUP-0031,Professional Services,Cybersecurity Advisory,EU,EUR,day_rate,1,29,1493.5,1,29,25,1612.98,2026-01-01,2026-12-31,
PR-00322,SUP-0031,Professional Services,Cybersecurity Advisory,EU,EUR,day_rate,30,89,1421.4,30,22,16,1535.11,2026-01-01,2026-12-31,
PR-00323,SUP-0031,Professional Services,Cybersecurity Advisory,EU,EUR,day_rate,90,179,1349.3,90,20,16,1457.24,2026-01-01,2026-12-31,
PR-00324,SUP-0031,Professional Services,Cybersecurity Advisory,EU,EUR,day_rate,180,9999,1277.2,180,13,9,1379.38,2026-01-01,2026-12-31,
PR-00325,SUP-0031,Professional Services,Data Engineering Services,EU,EUR,day_rate,1,29,1318.4,1,29,22,1423.87,2026-01-01,2026-12-31,
PR-00326,SUP-0031,Professional Services,Data Engineering Services,EU,EUR,day_rate,30,89,1246.3,30,25,20,1346.0,2026-01-01,2026-12-31,
PR-00327,SUP-0031,Professional Services,Data Engineering Services,EU,EUR,day_rate,90,179,1174.2,90,17,12,1268.14,2026-01-01,2026-12-31,
PR-00328,SUP-0031,Professional Services,Data Engineering Services,EU,EUR,day_rate,180,9999,1112.4,180,15,8,1201.39,2026-01-01,2026-12-31,
PR-00329,SUP-0031,Professional Services,Software Development Services,EU,EUR,blended_rate,1,29,1184.5,1,30,21,1279.26,2026-01-01,2026-12-31,
PR-00330,SUP-0031,Professional Services,Software Development Services,EU,EUR,blended_rate,30,89,1112.4,30,23,14,1201.39,2026-01-01,2026-12-31,
PR-00331,SUP-0031,Professional Services,Software Development Services,EU,EUR,blended_rate,90,179,1050.6,90,20,11,1134.65,2026-01-01,2026-12-31,
PR-00332,SUP-0031,Professional Services,Software Development Services,EU,EUR,blended_rate,180,9999,999.1,180,12,6,1079.03,2026-01-01,2026-12-31,
PR-00333,SUP-0031,Professional Services,IT Project Management Services,EU,EUR,day_rate,1,29,1215.4,1,28,22,1312.63,2026-01-01,2026-12-31,
PR-00334,SUP-0031,Professional Services,IT Project Management Services,EU,EUR,day_rate,30,89,1153.6,30,26,20,1245.89,2026-01-01,2026-12-31,
PR-00335,SUP-0031,Professional Services,IT Project Management Services,EU,EUR,day_rate,90,179,1091.8,90,18,12,1179.14,2026-01-01,2026-12-31,
PR-00336,SUP-0031,Professional Services,IT Project Management Services,EU,EUR,day_rate,180,9999,1030.0,180,14,9,1112.4,2026-01-01,2026-12-31,
PR-00337,SUP-0032,Professional Services,Software Development Services,EU,EUR,blended_rate,1,29,1207.5,1,29,24,1304.1,2026-01-01,2026-12-31,
PR-00338,SUP-0032,Professional Services,Software Development Services,EU,EUR,blended_rate,30,89,1134.0,30,23,18,1224.72,2026-01-01,2026-12-31,
PR-00339,SUP-0032,Professional Services,Software Development Services,EU,EUR,blended_rate,90,179,1071.0,90,17,12,1156.68,2026-01-01,2026-12-31,
PR-00340,SUP-0032,Professional Services,Software Development Services,EU,EUR,blended_rate,180,9999,1018.5,180,14,6,1099.98,2026-01-01,2026-12-31,
PR-00341,SUP-0032,Professional Services,Cloud Architecture Consulting,EU,EUR,day_rate,1,29,1417.5,1,27,21,1530.9,2026-01-01,2026-12-31,
PR-00342,SUP-0032,Professional Services,Cloud Architecture Consulting,EU,EUR,day_rate,30,89,1344.0,30,22,15,1451.52,2026-01-01,2026-12-31,
PR-00343,SUP-0032,Professional Services,Cloud Architecture Consulting,EU,EUR,day_rate,90,179,1270.5,90,18,13,1372.14,2026-01-01,2026-12-31,
PR-00344,SUP-0032,Professional Services,Cloud Architecture Consulting,EU,EUR,day_rate,180,9999,1207.5,180,16,8,1304.1,2026-01-01,2026-12-31,
PR-00345,SUP-0032,Professional Services,Data Engineering Services,EU,EUR,day_rate,1,29,1344.0,1,27,18,1451.52,2026-01-01,2026-12-31,
PR-00346,SUP-0032,Professional Services,Data Engineering Services,EU,EUR,day_rate,30,89,1270.5,30,22,13,1372.14,2026-01-01,2026-12-31,
PR-00347,SUP-0032,Professional Services,Data Engineering Services,EU,EUR,day_rate,90,179,1197.0,90,19,15,1292.76,2026-01-01,2026-12-31,
PR-00348,SUP-0032,Professional Services,Data Engineering Services,EU,EUR,day_rate,180,9999,1134.0,180,12,8,1224.72,2026-01-01,2026-12-31,
PR-00349,SUP-0033,Professional Services,Cloud Architecture Consulting,CH,CHF,day_rate,1,29,1458.0,1,29,24,1574.64,2026-01-01,2026-12-31,
PR-00350,SUP-0033,Professional Services,Cloud Architecture Consulting,CH,CHF,day_rate,30,89,1382.4,30,25,19,1492.99,2026-01-01,2026-12-31,
PR-00351,SUP-0033,Professional Services,Cloud Architecture Consulting,CH,CHF,day_rate,90,179,1306.8,90,16,10,1411.34,2026-01-01,2026-12-31,
PR-00352,SUP-0033,Professional Services,Cloud Architecture Consulting,CH,CHF,day_rate,180,9999,1242.0,180,13,9,1341.36,2026-01-01,2026-12-31,
PR-00353,SUP-0033,Professional Services,Cybersecurity Advisory,CH,CHF,day_rate,1,29,1566.0,1,26,21,1691.28,2026-01-01,2026-12-31,
PR-00354,SUP-0033,Professional Services,Cybersecurity Advisory,CH,CHF,day_rate,30,89,1490.4,30,26,18,1609.63,2026-01-01,2026-12-31,
PR-00355,SUP-0033,Professional Services,Cybersecurity Advisory,CH,CHF,day_rate,90,179,1414.8,90,17,13,1527.98,2026-01-01,2026-12-31,
PR-00356,SUP-0033,Professional Services,Cybersecurity Advisory,CH,CHF,day_rate,180,9999,1339.2,180,14,6,1446.34,2026-01-01,2026-12-31,
PR-00357,SUP-0033,Professional Services,IT Project Management Services,CH,CHF,day_rate,1,29,1274.4,1,27,20,1376.35,2026-01-01,2026-12-31,
PR-00358,SUP-0033,Professional Services,IT Project Management Services,CH,CHF,day_rate,30,89,1209.6,30,26,20,1306.37,2026-01-01,2026-12-31,
PR-00359,SUP-0033,Professional Services,IT Project Management Services,CH,CHF,day_rate,90,179,1144.8,90,16,12,1236.38,2026-01-01,2026-12-31,
PR-00360,SUP-0033,Professional Services,IT Project Management Services,CH,CHF,day_rate,180,9999,1080.0,180,16,7,1166.4,2026-01-01,2026-12-31,
PR-00361,SUP-0034,Professional Services,Software Development Services,EU,EUR,blended_rate,1,29,1058.0,1,30,24,1142.64,2026-01-01,2026-12-31,
PR-00362,SUP-0034,Professional Services,Software Development Services,EU,EUR,blended_rate,30,89,993.6,30,23,19,1073.09,2026-01-01,2026-12-31,
PR-00363,SUP-0034,Professional Services,Software Development Services,EU,EUR,blended_rate,90,179,938.4,90,18,12,1013.47,2026-01-01,2026-12-31,
PR-00364,SUP-0034,Professional Services,Software Development Services,EU,EUR,blended_rate,180,9999,892.4,180,13,9,963.79,2026-01-01,2026-12-31,
PR-00365,SUP-0034,Professional Services,Data Engineering Services,EU,EUR,day_rate,1,29,1177.6,1,27,21,1271.81,2026-01-01,2026-12-31,
PR-00366,SUP-0034,Professional Services,Data Engineering Services,EU,EUR,day_rate,30,89,1113.2,30,22,14,1202.26,2026-01-01,2026-12-31,
PR-00367,SUP-0034,Professional Services,Data Engineering Services,EU,EUR,day_rate,90,179,1048.8,90,17,13,1132.7,2026-01-01,2026-12-31,
PR-00368,SUP-0034,Professional Services,Data Engineering Services,EU,EUR,day_rate,180,9999,993.6,180,14,7,1073.09,2026-01-01,2026-12-31,
PR-00369,SUP-0035,Professional Services,Data Engineering Services,CH,CHF,day_rate,1,29,1203.2,1,28,23,1299.46,2026-01-01,2026-12-31,
PR-00370,SUP-0035,Professional Services,Data Engineering Services,CH,CHF,day_rate,30,89,1137.4,30,26,20,1228.39,2026-01-01,2026-12-31,
PR-00371,SUP-0035,Professional Services,Data Engineering Services,CH,CHF,day_rate,90,179,1071.6,90,16,11,1157.33,2026-01-01,2026-12-31,
PR-00372,SUP-0035,Professional Services,Data Engineering Services,CH,CHF,day_rate,180,9999,1015.2,180,12,5,1096.42,2026-01-01,2026-12-31,
PR-00373,SUP-0035,Professional Services,Cloud Architecture Consulting,CH,CHF,day_rate,1,29,1269.0,1,30,23,1370.52,2026-01-01,2026-12-31,
PR-00374,SUP-0035,Professional Services,Cloud Architecture Consulting,CH,CHF,day_rate,30,89,1203.2,30,22,15,1299.46,2026-01-01,2026-12-31,
PR-00375,SUP-0035,Professional Services,Cloud Architecture Consulting,CH,CHF,day_rate,90,179,1137.4,90,16,9,1228.39,2026-01-01,2026-12-31,
PR-00376,SUP-0035,Professional Services,Cloud Architecture Consulting,CH,CHF,day_rate,180,9999,1081.0,180,16,11,1167.48,2026-01-01,2026-12-31,
PR-00377,SUP-0040,Marketing,Search Engine Marketing (SEM),EU,EUR,performance,1,1,183600.0,1,20,16,198288.0,2026-01-01,2026-12-31,
PR-00378,SUP-0040,Marketing,Search Engine Marketing (SEM),EU,EUR,performance,2,3,163200.0,2,18,13,176256.0,2026-01-01,2026-12-31,
PR-00379,SUP-0040,Marketing,Search Engine Marketing (SEM),EU,EUR,performance,4,6,147900.0,4,12,8,159732.0,2026-01-01,2026-12-31,
PR-00380,SUP-0040,Marketing,Search Engine Marketing (SEM),EU,EUR,performance,7,99,132600.0,7,11,7,143208.0,2026-01-01,2026-12-31,
PR-00381,SUP-0040,Marketing,Social Media Advertising,EU,EUR,performance,1,1,153000.0,1,20,16,165240.0,2026-01-01,2026-12-31,
PR-00382,SUP-0040,Marketing,Social Media Advertising,EU,EUR,performance,2,3,140760.0,2,16,12,152020.8,2026-01-01,2026-12-31,
PR-00383,SUP-0040,Marketing,Social Media Advertising,EU,EUR,performance,4,6,128520.0,4,12,9,138801.6,2026-01-01,2026-12-31,
PR-00384,SUP-0040,Marketing,Social Media Advertising,EU,EUR,performance,7,99,120360.0,7,10,6,129988.8,2026-01-01,2026-12-31,
PR-00385,SUP-0040,Marketing,Content Production Services,EU,EUR,fixed,1,1,122400.0,1,19,16,132192.0,2026-01-01,2026-12-31,
PR-00386,SUP-0040,Marketing,Content Production Services,EU,EUR,fixed,2,4,112200.0,2,19,16,121176.0,2026-01-01,2026-12-31,
PR-00387,SUP-0040,Marketing,Content Production Services,EU,EUR,fixed,5,10,102000.0,5,14,9,110160.0,2026-01-01,2026-12-31,
PR-00388,SUP-0040,Marketing,Content Production Services,EU,EUR,fixed,11,999,93840.0,11,9,5,101347.2,2026-01-01,2026-12-31,
PR-00389,SUP-0040,Marketing,Marketing Analytics Services,EU,EUR,subscription,1,499,28560.0,1,28,28,28560.0,2026-01-01,2026-12-31,
PR-00390,SUP-0040,Marketing,Marketing Analytics Services,EU,EUR,subscription,500,1999,26010.0,500,26,26,26010.0,2026-01-01,2026-12-31,
PR-00391,SUP-0040,Marketing,Marketing Analytics Services,EU,EUR,subscription,2000,9999,23970.0,2000,16,16,23970.0,2026-01-01,2026-12-31,
PR-00392,SUP-0040,Marketing,Marketing Analytics Services,EU,EUR,subscription,10000,999999,22440.0,10000,15,15,22440.0,2026-01-01,2026-12-31,
PR-00393,SUP-0040,Marketing,Influencer Campaign Management,EU,EUR,fixed,1,1,96900.0,1,20,17,104652.0,2026-01-01,2026-12-31,
PR-00394,SUP-0040,Marketing,Influencer Campaign Management,EU,EUR,fixed,2,4,89760.0,2,16,11,96940.8,2026-01-01,2026-12-31,
PR-00395,SUP-0040,Marketing,Influencer Campaign Management,EU,EUR,fixed,5,10,83640.0,5,16,11,90331.2,2026-01-01,2026-12-31,
PR-00396,SUP-0040,Marketing,Influencer Campaign Management,EU,EUR,fixed,11,999,77520.0,11,9,5,83721.6,2026-01-01,2026-12-31,
PR-00397,SUP-0041,Marketing,Search Engine Marketing (SEM),EU,EUR,performance,1,1,185400.0,1,20,16,200232.0,2026-01-01,2026-12-31,
PR-00398,SUP-0041,Marketing,Search Engine Marketing (SEM),EU,EUR,performance,2,3,164800.0,2,17,14,177984.0,2026-01-01,2026-12-31,
PR-00399,SUP-0041,Marketing,Search Engine Marketing (SEM),EU,EUR,performance,4,6,149350.0,4,13,9,161298.0,2026-01-01,2026-12-31,
PR-00400,SUP-0041,Marketing,Search Engine Marketing (SEM),EU,EUR,performance,7,99,133900.0,7,9,6,144612.0,2026-01-01,2026-12-31,
PR-00401,SUP-0041,Marketing,Social Media Advertising,EU,EUR,performance,1,1,154500.0,1,23,18,166860.0,2026-01-01,2026-12-31,
PR-00402,SUP-0041,Marketing,Social Media Advertising,EU,EUR,performance,2,3,142140.0,2,18,15,153511.2,2026-01-01,2026-12-31,
PR-00403,SUP-0041,Marketing,Social Media Advertising,EU,EUR,performance,4,6,129780.0,4,15,10,140162.4,2026-01-01,2026-12-31,
PR-00404,SUP-0041,Marketing,Social Media Advertising,EU,EUR,performance,7,99,121540.0,7,11,7,131263.2,2026-01-01,2026-12-31,
PR-00405,SUP-0041,Marketing,Content Production Services,EU,EUR,fixed,1,1,123600.0,1,22,18,133488.0,2026-01-01,2026-12-31,
PR-00406,SUP-0041,Marketing,Content Production Services,EU,EUR,fixed,2,4,113300.0,2,20,16,122364.0,2026-01-01,2026-12-31,
PR-00407,SUP-0041,Marketing,Content Production Services,EU,EUR,fixed,5,10,103000.0,5,12,7,111240.0,2026-01-01,2026-12-31,
PR-00408,SUP-0041,Marketing,Content Production Services,EU,EUR,fixed,11,999,94760.0,11,9,5,102340.8,2026-01-01,2026-12-31,
PR-00409,SUP-0041,Marketing,Marketing Analytics Services,EU,EUR,subscription,1,499,28840.0,1,30,30,28840.0,2026-01-01,2026-12-31,
PR-00410,SUP-0041,Marketing,Marketing Analytics Services,EU,EUR,subscription,500,1999,26265.0,500,23,23,26265.0,2026-01-01,2026-12-31,
PR-00411,SUP-0041,Marketing,Marketing Analytics Services,EU,EUR,subscription,2000,9999,24205.0,2000,19,19,24205.0,2026-01-01,2026-12-31,
PR-00412,SUP-0041,Marketing,Marketing Analytics Services,EU,EUR,subscription,10000,999999,22660.0,10000,12,12,22660.0,2026-01-01,2026-12-31,
PR-00413,SUP-0042,Marketing,Search Engine Marketing (SEM),EU,EUR,performance,1,1,172800.0,1,21,18,186624.0,2026-01-01,2026-12-31,
PR-00414,SUP-0042,Marketing,Search Engine Marketing (SEM),EU,EUR,performance,2,3,153600.0,2,20,15,165888.0,2026-01-01,2026-12-31,
PR-00415,SUP-0042,Marketing,Search Engine Marketing (SEM),EU,EUR,performance,4,6,139200.0,4,13,10,150336.0,2026-01-01,2026-12-31,
PR-00416,SUP-0042,Marketing,Search Engine Marketing (SEM),EU,EUR,performance,7,99,124800.0,7,12,9,134784.0,2026-01-01,2026-12-31,
PR-00417,SUP-0042,Marketing,Social Media Advertising,EU,EUR,performance,1,1,144000.0,1,22,17,155520.0,2026-01-01,2026-12-31,
PR-00418,SUP-0042,Marketing,Social Media Advertising,EU,EUR,performance,2,3,132480.0,2,16,11,143078.4,2026-01-01,2026-12-31,
PR-00419,SUP-0042,Marketing,Social Media Advertising,EU,EUR,performance,4,6,120960.0,4,13,9,130636.8,2026-01-01,2026-12-31,
PR-00420,SUP-0042,Marketing,Social Media Advertising,EU,EUR,performance,7,99,113280.0,7,9,6,122342.4,2026-01-01,2026-12-31,
PR-00421,SUP-0042,Marketing,Marketing Analytics Services,EU,EUR,subscription,1,499,26880.0,1,28,28,26880.0,2026-01-01,2026-12-31,
PR-00422,SUP-0042,Marketing,Marketing Analytics Services,EU,EUR,subscription,500,1999,24480.0,500,24,24,24480.0,2026-01-01,2026-12-31,
PR-00423,SUP-0042,Marketing,Marketing Analytics Services,EU,EUR,subscription,2000,9999,22560.0,2000,18,18,22560.0,2026-01-01,2026-12-31,
PR-00424,SUP-0042,Marketing,Marketing Analytics Services,EU,EUR,subscription,10000,999999,21120.0,10000,14,14,21120.0,2026-01-01,2026-12-31,
PR-00425,SUP-0043,Marketing,Content Production Services,EU,EUR,fixed,1,1,117600.0,1,23,19,127008.0,2026-01-01,2026-12-31,
PR-00426,SUP-0043,Marketing,Content Production Services,EU,EUR,fixed,2,4,107800.0,2,18,13,116424.0,2026-01-01,2026-12-31,
PR-00427,SUP-0043,Marketing,Content Production Services,EU,EUR,fixed,5,10,98000.0,5,14,10,105840.0,2026-01-01,2026-12-31,
PR-00428,SUP-0043,Marketing,Content Production Services,EU,EUR,fixed,11,999,90160.0,11,9,5,97372.8,2026-01-01,2026-12-31,
PR-00429,SUP-0043,Marketing,Social Media Advertising,EU,EUR,performance,1,1,147000.0,1,21,16,158760.0,2026-01-01,2026-12-31,
PR-00430,SUP-0043,Marketing,Social Media Advertising,EU,EUR,performance,2,3,135240.0,2,17,13,146059.2,2026-01-01,2026-12-31,
PR-00431,SUP-0043,Marketing,Social Media Advertising,EU,EUR,performance,4,6,123480.0,4,12,7,133358.4,2026-01-01,2026-12-31,
PR-00432,SUP-0043,Marketing,Social Media Advertising,EU,EUR,performance,7,99,115640.0,7,12,7,124891.2,2026-01-01,2026-12-31,
PR-00433,SUP-0043,Marketing,Influencer Campaign Management,EU,EUR,fixed,1,1,93100.0,1,19,15,100548.0,2026-01-01,2026-12-31,
PR-00434,SUP-0043,Marketing,Influencer Campaign Management,EU,EUR,fixed,2,4,86240.0,2,19,14,93139.2,2026-01-01,2026-12-31,
PR-00435,SUP-0043,Marketing,Influencer Campaign Management,EU,EUR,fixed,5,10,80360.0,5,15,11,86788.8,2026-01-01,2026-12-31,
PR-00436,SUP-0043,Marketing,Influencer Campaign Management,EU,EUR,fixed,11,999,74480.0,11,10,6,80438.4,2026-01-01,2026-12-31,
PR-00437,SUP-0044,Marketing,Marketing Analytics Services,EU,EUR,subscription,1,499,28000.0,1,26,26,28000.0,2026-01-01,2026-12-31,
PR-00438,SUP-0044,Marketing,Marketing Analytics Services,EU,EUR,subscription,500,1999,25500.0,500,23,23,25500.0,2026-01-01,2026-12-31,
PR-00439,SUP-0044,Marketing,Marketing Analytics Services,EU,EUR,subscription,2000,9999,23500.0,2000,20,20,23500.0,2026-01-01,2026-12-31,
PR-00440,SUP-0044,Marketing,Marketing Analytics Services,EU,EUR,subscription,10000,999999,22000.0,10000,12,12,22000.0,2026-01-01,2026-12-31,
PR-00441,SUP-0044,Marketing,Search Engine Marketing (SEM),EU,EUR,performance,1,1,180000.0,1,21,16,194400.0,2026-01-01,2026-12-31,
PR-00442,SUP-0044,Marketing,Search Engine Marketing (SEM),EU,EUR,performance,2,3,160000.0,2,18,13,172800.0,2026-01-01,2026-12-31,
PR-00443,SUP-0044,Marketing,Search Engine Marketing (SEM),EU,EUR,performance,4,6,145000.0,4,12,9,156600.0,2026-01-01,2026-12-31,
PR-00444,SUP-0044,Marketing,Search Engine Marketing (SEM),EU,EUR,performance,7,99,130000.0,7,12,7,140400.0,2026-01-01,2026-12-31,
PR-00445,SUP-0045,Marketing,Influencer Campaign Management,EU,EUR,fixed,1,1,83600.0,1,23,19,90288.0,2026-01-01,2026-12-31,
PR-00446,SUP-0045,Marketing,Influencer Campaign Management,EU,EUR,fixed,2,4,77440.0,2,19,16,83635.2,2026-01-01,2026-12-31,
PR-00447,SUP-0045,Marketing,Influencer Campaign Management,EU,EUR,fixed,5,10,72160.0,5,12,9,77932.8,2026-01-01,2026-12-31,
PR-00448,SUP-0045,Marketing,Influencer Campaign Management,EU,EUR,fixed,11,999,66880.0,11,12,8,72230.4,2026-01-01,2026-12-31,
PR-00449,SUP-0045,Marketing,Content Production Services,EU,EUR,fixed,1,1,105600.0,1,23,19,114048.0,2026-01-01,2026-12-31,
PR-00450,SUP-0045,Marketing,Content Production Services,EU,EUR,fixed,2,4,96800.0,2,19,14,104544.0,2026-01-01,2026-12-31,
PR-00451,SUP-0045,Marketing,Content Production Services,EU,EUR,fixed,5,10,88000.0,5,13,10,95040.0,2026-01-01,2026-12-31,
PR-00452,SUP-0045,Marketing,Content Production Services,EU,EUR,fixed,11,999,80960.0,11,11,8,87436.8,2026-01-01,2026-12-31,
PR-00453,SUP-0009,IT,Laptops,Americas,USD,tiered,1,99,1190.0,1,17,10,1285.2,2026-01-01,2026-12-31,
PR-00454,SUP-0009,IT,Laptops,Americas,USD,tiered,100,499,1112.65,100,25,7,1201.66,2026-01-01,2026-12-31,
PR-00455,SUP-0009,IT,Laptops,Americas,USD,tiered,500,1999,1041.25,500,20,6,1124.55,2026-01-01,2026-12-31,
PR-00456,SUP-0009,IT,Laptops,Americas,USD,tiered,2000,9999999,975.8,2000,18,7,1053.86,2026-01-01,2026-12-31,
PR-00457,SUP-0009,IT,Monitors,Americas,USD,tiered,1,99,520.0,1,15,5,561.6,2026-01-01,2026-12-31,
PR-00458,SUP-0009,IT,Monitors,Americas,USD,tiered,100,499,486.2,100,24,5,525.1,2026-01-01,2026-12-31,
PR-00459,SUP-0009,IT,Monitors,Americas,USD,tiered,500,1999,455.0,500,23,7,491.4,2026-01-01,2026-12-31,
PR-00460,SUP-0009,IT,Monitors,Americas,USD,tiered,2000,9999999,426.4,2000,20,5,460.51,2026-01-01,2026-12-31,
PR-00461,SUP-0009,IT,Docking Stations,Americas,USD,tiered,1,99,310.0,1,26,9,334.8,2026-01-01,2026-12-31,
PR-00462,SUP-0009,IT,Docking Stations,Americas,USD,tiered,100,499,289.85,100,15,8,313.04,2026-01-01,2026-12-31,
PR-00463,SUP-0009,IT,Docking Stations,Americas,USD,tiered,500,1999,271.25,500,14,9,292.95,2026-01-01,2026-12-31,
PR-00464,SUP-0009,IT,Docking Stations,Americas,USD,tiered,2000,9999999,254.2,2000,21,10,274.54,2026-01-01,2026-12-31,
PR-00465,SUP-0009,IT,Accessories Bundles,Americas,USD,tiered,1,99,195.0,1,23,9,210.6,2026-01-01,2026-12-31,
PR-00466,SUP-0009,IT,Accessories Bundles,Americas,USD,tiered,100,499,182.33,100,18,10,196.92,2026-01-01,2026-12-31,
PR-00467,SUP-0009,IT,Accessories Bundles,Americas,USD,tiered,500,1999,170.62,500,14,5,184.27,2026-01-01,2026-12-31,
PR-00468,SUP-0009,IT,Accessories Bundles,Americas,USD,tiered,2000,9999999,159.9,2000,19,7,172.69,2026-01-01,2026-12-31,
PR-00469,SUP-0009,IT,Desktop Workstations,Americas,USD,tiered,1,99,1450.0,1,14,6,1566.0,2026-01-01,2026-12-31,
PR-00470,SUP-0009,IT,Desktop Workstations,Americas,USD,tiered,100,499,1355.75,100,15,8,1464.21,2026-01-01,2026-12-31,
PR-00471,SUP-0009,IT,Desktop Workstations,Americas,USD,tiered,500,1999,1268.75,500,20,8,1370.25,2026-01-01,2026-12-31,
PR-00472,SUP-0009,IT,Desktop Workstations,Americas,USD,tiered,2000,9999999,1189.0,2000,23,6,1284.12,2026-01-01,2026-12-31,
PR-00473,SUP-0015,IT,Cloud Compute,Americas,USD,usage,1,9999999,1.55,1,21,6,1.67,2026-01-01,2026-12-31,
PR-00474,SUP-0015,IT,Cloud Storage,Americas,USD,usage,1,9999999,0.065,1,16,9,0.07,2026-01-01,2026-12-31,
PR-00475,SUP-0015,IT,Cloud Security Services,Americas,USD,subscription,1,9999999,4800,1,18,9,5184.0,2026-01-01,2026-12-31,
PR-00476,SUP-0015,IT,Managed Cloud Platform Services,Americas,USD,subscription,1,9999999,23500,1,30,4,25380.0,2026-01-01,2026-12-31,
PR-00477,SUP-0016,IT,Laptops,Americas,USD,tiered,1,99,1190.0,1,17,9,1285.2,2026-01-01,2026-12-31,
PR-00478,SUP-0016,IT,Laptops,Americas,USD,tiered,100,499,1112.65,100,19,6,1201.66,2026-01-01,2026-12-31,
PR-00479,SUP-0016,IT,Laptops,Americas,USD,tiered,500,1999,1041.25,500,26,8,1124.55,2026-01-01,2026-12-31,
PR-00480,SUP-0016,IT,Laptops,Americas,USD,tiered,2000,9999999,975.8,2000,20,10,1053.86,2026-01-01,2026-12-31,
PR-00481,SUP-0016,IT,Desktop Workstations,Americas,USD,tiered,1,99,1450.0,1,19,10,1566.0,2026-01-01,2026-12-31,
PR-00482,SUP-0016,IT,Desktop Workstations,Americas,USD,tiered,100,499,1355.75,100,22,5,1464.21,2026-01-01,2026-12-31,
PR-00483,SUP-0016,IT,Desktop Workstations,Americas,USD,tiered,500,1999,1268.75,500,19,5,1370.25,2026-01-01,2026-12-31,
PR-00484,SUP-0016,IT,Desktop Workstations,Americas,USD,tiered,2000,9999999,1189.0,2000,22,8,1284.12,2026-01-01,2026-12-31,
PR-00485,SUP-0016,IT,Mobile Workstations,Americas,USD,tiered,1,99,2580.0,1,20,5,2786.4,2026-01-01,2026-12-31,
PR-00486,SUP-0016,IT,Mobile Workstations,Americas,USD,tiered,100,499,2412.3,100,18,9,2605.28,2026-01-01,2026-12-31,
PR-00487,SUP-0016,IT,Mobile Workstations,Americas,USD,tiered,500,1999,2257.5,500,22,6,2438.1,2026-01-01,2026-12-31,
PR-00488,SUP-0016,IT,Mobile Workstations,Americas,USD,tiered,2000,9999999,2115.6,2000,27,8,2284.85,2026-01-01,2026-12-31,
PR-00489,SUP-0016,IT,Tablets,Americas,USD,tiered,1,99,840.0,1,26,6,907.2,2026-01-01,2026-12-31,
PR-00490,SUP-0016,IT,Tablets,Americas,USD,tiered,100,499,785.4,100,20,6,848.23,2026-01-01,2026-12-31,
PR-00491,SUP-0016,IT,Tablets,Americas,USD,tiered,500,1999,735.0,500,19,10,793.8,2026-01-01,2026-12-31,
PR-00492,SUP-0016,IT,Tablets,Americas,USD,tiered,2000,9999999,688.8,2000,20,10,743.9,2026-01-01,2026-12-31,
PR-00493,SUP-0016,IT,Accessories Bundles,Americas,USD,tiered,1,99,195.0,1,25,9,210.6,2026-01-01,2026-12-31,
PR-00494,SUP-0016,IT,Accessories Bundles,Americas,USD,tiered,100,499,182.33,100,24,7,196.92,2026-01-01,2026-12-31,
PR-00495,SUP-0016,IT,Accessories Bundles,Americas,USD,tiered,500,1999,170.62,500,19,6,184.27,2026-01-01,2026-12-31,
PR-00496,SUP-0016,IT,Accessories Bundles,Americas,USD,tiered,2000,9999999,159.9,2000,28,8,172.69,2026-01-01,2026-12-31,
PR-00497,SUP-0017,IT,Cloud Compute,APAC,USD,usage,1,9999999,1.55,1,12,4,1.67,2026-01-01,2026-12-31,
PR-00498,SUP-0017,IT,Cloud Storage,APAC,USD,usage,1,9999999,0.065,1,13,5,0.07,2026-01-01,2026-12-31,
PR-00499,SUP-0017,IT,Cloud Networking,APAC,USD,usage,1,9999999,0.031,1,30,5,0.03,2026-01-01,2026-12-31,
PR-00500,SUP-0025,Facilities,Workstations and Desks,Americas,USD,tiered,1,99,920.0,1,25,9,993.6,2026-01-01,2026-12-31,
PR-00501,SUP-0025,Facilities,Workstations and Desks,Americas,USD,tiered,100,499,860.2,100,14,8,929.02,2026-01-01,2026-12-31,
PR-00502,SUP-0025,Facilities,Workstations and Desks,Americas,USD,tiered,500,1999,805.0,500,24,9,869.4,2026-01-01,2026-12-31,
PR-00503,SUP-0025,Facilities,Workstations and Desks,Americas,USD,tiered,2000,9999999,754.4,2000,26,9,814.75,2026-01-01,2026-12-31,
PR-00504,SUP-0025,Facilities,Office Chairs,Americas,USD,tiered,1,99,680.0,1,20,9,734.4,2026-01-01,2026-12-31,
PR-00505,SUP-0025,Facilities,Office Chairs,Americas,USD,tiered,100,499,635.8,100,12,10,686.66,2026-01-01,2026-12-31,
PR-00506,SUP-0025,Facilities,Office Chairs,Americas,USD,tiered,500,1999,595.0,500,15,10,642.6,2026-01-01,2026-12-31,
PR-00507,SUP-0025,Facilities,Office Chairs,Americas,USD,tiered,2000,9999999,557.6,2000,20,10,602.21,2026-01-01,2026-12-31,
PR-00508,SUP-0025,Facilities,Meeting Room Furniture,Americas,USD,fixed,1,9999999,4800,1,20,4,5184.0,2026-01-01,2026-12-31,
PR-00509,SUP-0026,Facilities,Workstations and Desks,Americas,USD,tiered,1,99,920.0,1,21,8,993.6,2026-01-01,2026-12-31,
PR-00510,SUP-0026,Facilities,Workstations and Desks,Americas,USD,tiered,100,499,860.2,100,17,8,929.02,2026-01-01,2026-12-31,
PR-00511,SUP-0026,Facilities,Workstations and Desks,Americas,USD,tiered,500,1999,805.0,500,12,10,869.4,2026-01-01,2026-12-31,
PR-00512,SUP-0026,Facilities,Workstations and Desks,Americas,USD,tiered,2000,9999999,754.4,2000,20,9,814.75,2026-01-01,2026-12-31,
PR-00513,SUP-0026,Facilities,Office Chairs,Americas,USD,tiered,1,99,680.0,1,17,9,734.4,2026-01-01,2026-12-31,
PR-00514,SUP-0026,Facilities,Office Chairs,Americas,USD,tiered,100,499,635.8,100,15,10,686.66,2026-01-01,2026-12-31,
PR-00515,SUP-0026,Facilities,Office Chairs,Americas,USD,tiered,500,1999,595.0,500,21,10,642.6,2026-01-01,2026-12-31,
PR-00516,SUP-0026,Facilities,Office Chairs,Americas,USD,tiered,2000,9999999,557.6,2000,28,9,602.21,2026-01-01,2026-12-31,
PR-00517,SUP-0026,Facilities,Storage Cabinets,Americas,USD,tiered,1,99,310.0,1,18,6,334.8,2026-01-01,2026-12-31,
PR-00518,SUP-0026,Facilities,Storage Cabinets,Americas,USD,tiered,100,499,289.85,100,23,6,313.04,2026-01-01,2026-12-31,
PR-00519,SUP-0026,Facilities,Storage Cabinets,Americas,USD,tiered,500,1999,271.25,500,28,5,292.95,2026-01-01,2026-12-31,
PR-00520,SUP-0026,Facilities,Storage Cabinets,Americas,USD,tiered,2000,9999999,254.2,2000,22,8,274.54,2026-01-01,2026-12-31,
PR-00521,SUP-0026,Facilities,Reception and Lounge Furniture,Americas,USD,fixed,1,9999999,5900,1,10,4,6372.0,2026-01-01,2026-12-31,
PR-00522,SUP-0038,Professional Services,Software Development Services,Americas,USD,blended_rate,1,99,1100.0,1,23,7,1188.0,2026-01-01,2026-12-31,
PR-00523,SUP-0038,Professional Services,Software Development Services,Americas,USD,blended_rate,100,499,1028.5,1,19,5,1110.78,2026-01-01,2026-12-31,
PR-00524,SUP-0038,Professional Services,Software Development Services,Americas,USD,blended_rate,500,1999,962.5,1,19,9,1039.5,2026-01-01,2026-12-31,
PR-00525,SUP-0038,Professional Services,Software Development Services,Americas,USD,blended_rate,2000,9999999,902.0,1,14,5,974.16,2026-01-01,2026-12-31,
PR-00526,SUP-0038,Professional Services,Data Engineering Services,Americas,USD,day_rate,1,99,1250.0,1,27,5,1350.0,2026-01-01,2026-12-31,
PR-00527,SUP-0038,Professional Services,Data Engineering Services,Americas,USD,day_rate,100,499,1168.75,1,16,6,1262.25,2026-01-01,2026-12-31,
PR-00528,SUP-0038,Professional Services,Data Engineering Services,Americas,USD,day_rate,500,1999,1093.75,1,27,9,1181.25,2026-01-01,2026-12-31,
PR-00529,SUP-0038,Professional Services,Data Engineering Services,Americas,USD,day_rate,2000,9999999,1025.0,1,17,7,1107.0,2026-01-01,2026-12-31,
PR-00530,SUP-0038,Professional Services,Cloud Architecture Consulting,Americas,USD,day_rate,1,99,1580.0,1,28,9,1706.4,2026-01-01,2026-12-31,
PR-00531,SUP-0038,Professional Services,Cloud Architecture Consulting,Americas,USD,day_rate,100,499,1477.3,1,25,6,1595.48,2026-01-01,2026-12-31,
PR-00532,SUP-0038,Professional Services,Cloud Architecture Consulting,Americas,USD,day_rate,500,1999,1382.5,1,18,10,1493.1,2026-01-01,2026-12-31,
PR-00533,SUP-0038,Professional Services,Cloud Architecture Consulting,Americas,USD,day_rate,2000,9999999,1295.6,1,21,8,1399.25,2026-01-01,2026-12-31,
PR-00534,SUP-0038,Professional Services,Cybersecurity Advisory,Americas,USD,day_rate,1,99,1490.0,1,23,8,1609.2,2026-01-01,2026-12-31,
PR-00535,SUP-0038,Professional Services,Cybersecurity Advisory,Americas,USD,day_rate,100,499,1393.15,1,28,8,1504.6,2026-01-01,2026-12-31,
PR-00536,SUP-0038,Professional Services,Cybersecurity Advisory,Americas,USD,day_rate,500,1999,1303.75,1,15,6,1408.05,2026-01-01,2026-12-31,
PR-00537,SUP-0038,Professional Services,Cybersecurity Advisory,Americas,USD,day_rate,2000,9999999,1221.8,1,19,5,1319.54,2026-01-01,2026-12-31,
PR-00538,SUP-0039,Professional Services,Software Development Services,Americas,USD,blended_rate,1,99,1100.0,1,22,5,1188.0,2026-01-01,2026-12-31,
PR-00539,SUP-0039,Professional Services,Software Development Services,Americas,USD,blended_rate,100,499,1028.5,1,19,9,1110.78,2026-01-01,2026-12-31,
PR-00540,SUP-0039,Professional Services,Software Development Services,Americas,USD,blended_rate,500,1999,962.5,1,19,5,1039.5,2026-01-01,2026-12-31,
PR-00541,SUP-0039,Professional Services,Software Development Services,Americas,USD,blended_rate,2000,9999999,902.0,1,14,10,974.16,2026-01-01,2026-12-31,
PR-00542,SUP-0039,Professional Services,Data Engineering Services,Americas,USD,day_rate,1,99,1250.0,1,13,6,1350.0,2026-01-01,2026-12-31,
PR-00543,SUP-0039,Professional Services,Data Engineering Services,Americas,USD,day_rate,100,499,1168.75,1,14,5,1262.25,2026-01-01,2026-12-31,
PR-00544,SUP-0039,Professional Services,Data Engineering Services,Americas,USD,day_rate,500,1999,1093.75,1,22,5,1181.25,2026-01-01,2026-12-31,
PR-00545,SUP-0039,Professional Services,Data Engineering Services,Americas,USD,day_rate,2000,9999999,1025.0,1,28,6,1107.0,2026-01-01,2026-12-31,
PR-00546,SUP-0039,Professional Services,IT Project Management Services,Americas,USD,day_rate,1,99,1390.0,1,20,10,1501.2,2026-01-01,2026-12-31,
PR-00547,SUP-0039,Professional Services,IT Project Management Services,Americas,USD,day_rate,100,499,1299.65,1,27,6,1403.62,2026-01-01,2026-12-31,
PR-00548,SUP-0039,Professional Services,IT Project Management Services,Americas,USD,day_rate,500,1999,1216.25,1,16,10,1313.55,2026-01-01,2026-12-31,
PR-00549,SUP-0039,Professional Services,IT Project Management Services,Americas,USD,day_rate,2000,9999999,1139.8,1,27,6,1230.98,2026-01-01,2026-12-31,
PR-00550,SUP-0039,Professional Services,Cloud Architecture Consulting,Americas,USD,day_rate,1,99,1580.0,1,27,8,1706.4,2026-01-01,2026-12-31,
PR-00551,SUP-0039,Professional Services,Cloud Architecture Consulting,Americas,USD,day_rate,100,499,1477.3,1,18,5,1595.48,2026-01-01,2026-12-31,
PR-00552,SUP-0039,Professional Services,Cloud Architecture Consulting,Americas,USD,day_rate,500,1999,1382.5,1,15,10,1493.1,2026-01-01,2026-12-31,
PR-00553,SUP-0039,Professional Services,Cloud Architecture Consulting,Americas,USD,day_rate,2000,9999999,1295.6,1,25,7,1399.25,2026-01-01,2026-12-31,
PR-00554,SUP-0046,Marketing,Search Engine Marketing (SEM),Americas,USD,performance,1,9999999,195000,1,23,7,210600.0,2026-01-01,2026-12-31,
PR-00555,SUP-0046,Marketing,Social Media Advertising,Americas,USD,performance,1,9999999,160000,1,24,9,172800.0,2026-01-01,2026-12-31,
PR-00556,SUP-0046,Marketing,Marketing Analytics Services,Americas,USD,subscription,1,9999999,32000,1,11,9,34560.0,2026-01-01,2026-12-31,
PR-00557,SUP-0047,Marketing,Social Media Advertising,Americas,USD,performance,1,9999999,160000,1,30,9,172800.0,2026-01-01,2026-12-31,
PR-00558,SUP-0047,Marketing,Content Production Services,Americas,USD,fixed,1,9999999,115000,1,13,4,124200.0,2026-01-01,2026-12-31,
PR-00559,SUP-0047,Marketing,Influencer Campaign Management,Americas,USD,fixed,1,9999999,85000,1,22,9,91800.0,2026-01-01,2026-12-31,
PR-00560,SUP-0010,IT,Cloud Compute,Americas,USD,usage,1,9999999,1.512,1,20,4,1.63,2026-01-01,2026-12-31,
PR-00561,SUP-0010,IT,Cloud Storage,Americas,USD,usage,1,9999999,0.0648,1,17,5,0.07,2026-01-01,2026-12-31,
PR-00562,SUP-0010,IT,Cloud Networking,Americas,USD,usage,1,9999999,0.0313,1,16,8,0.03,2026-01-01,2026-12-31,
PR-00563,SUP-0010,IT,Managed Cloud Platform Services,Americas,USD,subscription,1,9999999,23760.0,1,24,5,25660.8,2026-01-01,2026-12-31,
PR-00564,SUP-0010,IT,Cloud Security Services,Americas,USD,subscription,1,9999999,4752.0,1,23,5,5132.16,2026-01-01,2026-12-31,
PR-00565,SUP-0010,IT,Cloud Compute,APAC,USD,usage,1,9999999,1.512,1,18,7,1.63,2026-01-01,2026-12-31,
PR-00566,SUP-0010,IT,Cloud Storage,APAC,USD,usage,1,9999999,0.0648,1,17,4,0.07,2026-01-01,2026-12-31,
PR-00567,SUP-0010,IT,Cloud Networking,APAC,USD,usage,1,9999999,0.0313,1,24,8,0.03,2026-01-01,2026-12-31,
PR-00568,SUP-0010,IT,Managed Cloud Platform Services,APAC,USD,subscription,1,9999999,23760.0,1,13,4,25660.8,2026-01-01,2026-12-31,
PR-00569,SUP-0010,IT,Cloud Security Services,APAC,USD,subscription,1,9999999,4752.0,1,30,8,5132.16,2026-01-01,2026-12-31,
PR-00570,SUP-0010,IT,Cloud Compute,MEA,USD,usage,1,9999999,1.512,1,10,4,1.63,2026-01-01,2026-12-31,
PR-00571,SUP-0010,IT,Cloud Storage,MEA,USD,usage,1,9999999,0.0648,1,17,5,0.07,2026-01-01,2026-12-31,
PR-00572,SUP-0010,IT,Cloud Networking,MEA,USD,usage,1,9999999,0.0313,1,23,7,0.03,2026-01-01,2026-12-31,
PR-00573,SUP-0010,IT,Managed Cloud Platform Services,MEA,USD,subscription,1,9999999,23760.0,1,25,5,25660.8,2026-01-01,2026-12-31,
PR-00574,SUP-0010,IT,Cloud Security Services,MEA,USD,subscription,1,9999999,4752.0,1,22,4,5132.16,2026-01-01,2026-12-31,
PR-00575,SUP-0011,IT,Cloud Compute,Americas,USD,usage,1,9999999,1.512,1,15,7,1.63,2026-01-01,2026-12-31,
PR-00576,SUP-0011,IT,Cloud Storage,Americas,USD,usage,1,9999999,0.0648,1,10,7,0.07,2026-01-01,2026-12-31,
PR-00577,SUP-0011,IT,Cloud Networking,Americas,USD,usage,1,9999999,0.0313,1,18,7,0.03,2026-01-01,2026-12-31,
PR-00578,SUP-0011,IT,Managed Cloud Platform Services,Americas,USD,subscription,1,9999999,23760.0,1,19,7,25660.8,2026-01-01,2026-12-31,
PR-00579,SUP-0011,IT,Cloud Security Services,Americas,USD,subscription,1,9999999,4752.0,1,27,9,5132.16,2026-01-01,2026-12-31,
PR-00580,SUP-0011,IT,Cloud Compute,APAC,USD,usage,1,9999999,1.512,1,25,5,1.63,2026-01-01,2026-12-31,
PR-00581,SUP-0011,IT,Cloud Storage,APAC,USD,usage,1,9999999,0.0648,1,16,6,0.07,2026-01-01,2026-12-31,
PR-00582,SUP-0011,IT,Cloud Networking,APAC,USD,usage,1,9999999,0.0313,1,16,4,0.03,2026-01-01,2026-12-31,
PR-00583,SUP-0011,IT,Managed Cloud Platform Services,APAC,USD,subscription,1,9999999,23760.0,1,28,9,25660.8,2026-01-01,2026-12-31,
PR-00584,SUP-0011,IT,Cloud Security Services,APAC,USD,subscription,1,9999999,4752.0,1,27,4,5132.16,2026-01-01,2026-12-31,
PR-00585,SUP-0012,IT,Cloud Compute,Americas,USD,usage,1,9999999,1.512,1,20,4,1.63,2026-01-01,2026-12-31,
PR-00586,SUP-0012,IT,Cloud Storage,Americas,USD,usage,1,9999999,0.0648,1,11,8,0.07,2026-01-01,2026-12-31,
PR-00587,SUP-0012,IT,Cloud Networking,Americas,USD,usage,1,9999999,0.0313,1,25,8,0.03,2026-01-01,2026-12-31,
PR-00588,SUP-0012,IT,Managed Cloud Platform Services,Americas,USD,subscription,1,9999999,23760.0,1,26,5,25660.8,2026-01-01,2026-12-31,
PR-00589,SUP-0012,IT,Cloud Security Services,Americas,USD,subscription,1,9999999,4752.0,1,11,8,5132.16,2026-01-01,2026-12-31,
PR-00590,SUP-0012,IT,Cloud Compute,APAC,USD,usage,1,9999999,1.512,1,12,5,1.63,2026-01-01,2026-12-31,
PR-00591,SUP-0012,IT,Cloud Storage,APAC,USD,usage,1,9999999,0.0648,1,12,8,0.07,2026-01-01,2026-12-31,
PR-00592,SUP-0012,IT,Cloud Networking,APAC,USD,usage,1,9999999,0.0313,1,12,9,0.03,2026-01-01,2026-12-31,
PR-00593,SUP-0012,IT,Managed Cloud Platform Services,APAC,USD,subscription,1,9999999,23760.0,1,17,7,25660.8,2026-01-01,2026-12-31,
PR-00594,SUP-0012,IT,Cloud Security Services,APAC,USD,subscription,1,9999999,4752.0,1,13,8,5132.16,2026-01-01,2026-12-31,
PR-00595,SUP-0012,IT,Cloud Compute,MEA,USD,usage,1,9999999,1.512,1,17,8,1.63,2026-01-01,2026-12-31,
PR-00596,SUP-0012,IT,Cloud Storage,MEA,USD,usage,1,9999999,0.0648,1,29,4,0.07,2026-01-01,2026-12-31,
PR-00597,SUP-0012,IT,Cloud Networking,MEA,USD,usage,1,9999999,0.0313,1,29,4,0.03,2026-01-01,2026-12-31,
PR-00598,SUP-0012,IT,Managed Cloud Platform Services,MEA,USD,subscription,1,9999999,23760.0,1,23,9,25660.8,2026-01-01,2026-12-31,
PR-00599,SUP-0012,IT,Cloud Security Services,MEA,USD,subscription,1,9999999,4752.0,1,28,8,5132.16,2026-01-01,2026-12-31,
